attributes/id,attributes/mapId,attributes/modeId,attributes/seasonId,metadata/modeKey,metadata/modeName,metadata/modeImageUrl,metadata/modeMaxRounds,metadata/isAvailable,metadata/timestamp,metadata/result,metadata/map,metadata/mapName,metadata/mapImageUrl,metadata/seasonName,segments/0/type,segments/0/attributes/platformSlug,segments/0/attributes/platformUserIdentifier,segments/0/metadata/platformUserHandle,segments/0/metadata/hasWon,segments/0/metadata/result,segments/0/metadata/agent,segments/0/metadata/agentName,segments/0/metadata/agentColor,segments/0/metadata/agentImageUrl,segments/0/metadata/tags/0/key,segments/0/metadata/tags/0/name,segments/0/metadata/tags/0/description,segments/0/metadata/tags/0/tone,segments/0/metadata/tags/0/priority,segments/0/metadata/tags/0/count,segments/0/expiryDate,segments/0/stats/0/playtime/displayName,segments/0/stats/0/playtime/displayCategory,segments/0/stats/0/playtime/category,segments/0/stats/0/playtime/value,segments/0/stats/0/playtime/displayValue,segments/0/stats/0/playtime/displayType,segments/0/stats/0/roundsPlayed/displayName,segments/0/stats/0/roundsPlayed/displayCategory,segments/0/stats/0/roundsPlayed/category,segments/0/stats/0/roundsPlayed/value,segments/0/stats/0/roundsPlayed/displayValue,segments/0/stats/0/roundsPlayed/displayType,segments/0/stats/0/roundsWon/displayName,segments/0/stats/0/roundsWon/displayCategory,segments/0/stats/0/roundsWon/category,segments/0/stats/0/roundsWon/value,segments/0/stats/0/roundsWon/displayValue,segments/0/stats/0/roundsWon/displayType,segments/0/stats/0/roundsLost/displayName,segments/0/stats/0/roundsLost/displayCategory,segments/0/stats/0/roundsLost/category,segments/0/stats/0/roundsLost/value,segments/0/stats/0/roundsLost/displayValue,segments/0/stats/0/roundsLost/displayType,segments/0/stats/0/roundsDisconnected/displayName,segments/0/stats/0/roundsDisconnected/displayCategory,segments/0/stats/0/roundsDisconnected/category,segments/0/stats/0/roundsDisconnected/value,segments/0/stats/0/roundsDisconnected/displayValue,segments/0/stats/0/roundsDisconnected/displayType,segments/0/stats/0/placement/displayName,segments/0/stats/0/placement/displayCategory,segments/0/stats/0/placement/category,segments/0/stats/0/placement/value,segments/0/stats/0/placement/displayValue,segments/0/stats/0/placement/displayType,segments/0/stats/0/score/displayName,segments/0/stats/0/score/displayCategory,segments/0/stats/0/score/category,segments/0/stats/0/score/value,segments/0/stats/0/score/displayValue,segments/0/stats/0/score/displayType,segments/0/stats/0/kills/displayName,segments/0/stats/0/kills/displayCategory,segments/0/stats/0/kills/category,segments/0/stats/0/kills/value,segments/0/stats/0/kills/displayValue,segments/0/stats/0/kills/displayType,segments/0/stats/0/deaths/displayName,segments/0/stats/0/deaths/displayCategory,segments/0/stats/0/deaths/category,segments/0/stats/0/deaths/value,segments/0/stats/0/deaths/displayValue,segments/0/stats/0/deaths/displayType,segments/0/stats/0/assists/displayName,segments/0/stats/0/assists/displayCategory,segments/0/stats/0/assists/category,segments/0/stats/0/assists/value,segments/0/stats/0/assists/displayValue,segments/0/stats/0/assists/displayType,segments/0/stats/0/damage/displayName,segments/0/stats/0/damage/displayCategory,segments/0/stats/0/damage/category,segments/0/stats/0/damage/value,segments/0/stats/0/damage/displayValue,segments/0/stats/0/damage/displayType,segments/0/stats/0/damageReceived/displayName,segments/0/stats/0/damageReceived/displayCategory,segments/0/stats/0/damageReceived/category,segments/0/stats/0/damageReceived/value,segments/0/stats/0/damageReceived/displayValue,segments/0/stats/0/damageReceived/displayType,segments/0/stats/0/headshots/displayName,segments/0/stats/0/headshots/displayCategory,segments/0/stats/0/headshots/category,segments/0/stats/0/headshots/value,segments/0/stats/0/headshots/displayValue,segments/0/stats/0/headshots/displayType,segments/0/stats/0/grenadeCasts/displayName,segments/0/stats/0/grenadeCasts/displayCategory,segments/0/stats/0/grenadeCasts/category,segments/0/stats/0/grenadeCasts/value,segments/0/stats/0/grenadeCasts/displayValue,segments/0/stats/0/grenadeCasts/displayType,segments/0/stats/0/ability1Casts/displayName,segments/0/stats/0/ability1Casts/displayCategory,segments/0/stats/0/ability1Casts/category,segments/0/stats/0/ability1Casts/value,segments/0/stats/0/ability1Casts/displayValue,segments/0/stats/0/ability1Casts/displayType,segments/0/stats/0/ability2Casts/displayName,segments/0/stats/0/ability2Casts/displayCategory,segments/0/stats/0/ability2Casts/category,segments/0/stats/0/ability2Casts/value,segments/0/stats/0/ability2Casts/displayValue,segments/0/stats/0/ability2Casts/displayType,segments/0/stats/0/ultimateCasts/displayName,segments/0/stats/0/ultimateCasts/displayCategory,segments/0/stats/0/ultimateCasts/category,segments/0/stats/0/ultimateCasts/value,segments/0/stats/0/ultimateCasts/displayValue,segments/0/stats/0/ultimateCasts/displayType,segments/0/stats/0/dealtHeadshots/displayName,segments/0/stats/0/dealtHeadshots/displayCategory,segments/0/stats/0/dealtHeadshots/category,segments/0/stats/0/dealtHeadshots/value,segments/0/stats/0/dealtHeadshots/displayValue,segments/0/stats/0/dealtHeadshots/displayType,segments/0/stats/0/dealtBodyshots/displayName,segments/0/stats/0/dealtBodyshots/displayCategory,segments/0/stats/0/dealtBodyshots/category,segments/0/stats/0/dealtBodyshots/value,segments/0/stats/0/dealtBodyshots/displayValue,segments/0/stats/0/dealtBodyshots/displayType,segments/0/stats/0/dealtLegshots/displayName,segments/0/stats/0/dealtLegshots/displayCategory,segments/0/stats/0/dealtLegshots/category,segments/0/stats/0/dealtLegshots/value,segments/0/stats/0/dealtLegshots/displayValue,segments/0/stats/0/dealtLegshots/displayType,segments/0/stats/0/econRating/displayName,segments/0/stats/0/econRating/displayCategory,segments/0/stats/0/econRating/category,segments/0/stats/0/econRating/value,segments/0/stats/0/econRating/displayValue,segments/0/stats/0/econRating/displayType,segments/0/stats/0/suicides/displayName,segments/0/stats/0/suicides/displayCategory,segments/0/stats/0/suicides/category,segments/0/stats/0/suicides/value,segments/0/stats/0/suicides/displayValue,segments/0/stats/0/suicides/displayType,segments/0/stats/0/revived/displayName,segments/0/stats/0/revived/displayCategory,segments/0/stats/0/revived/category,segments/0/stats/0/revived/value,segments/0/stats/0/revived/displayValue,segments/0/stats/0/revived/displayType,segments/0/stats/0/firstBloods/displayName,segments/0/stats/0/firstBloods/displayCategory,segments/0/stats/0/firstBloods/category,segments/0/stats/0/firstBloods/value,segments/0/stats/0/firstBloods/displayValue,segments/0/stats/0/firstBloods/displayType,segments/0/stats/0/firstDeaths/displayName,segments/0/stats/0/firstDeaths/displayCategory,segments/0/stats/0/firstDeaths/category,segments/0/stats/0/firstDeaths/value,segments/0/stats/0/firstDeaths/displayValue,segments/0/stats/0/firstDeaths/displayType,segments/0/stats/0/lastDeaths/displayName,segments/0/stats/0/lastDeaths/displayCategory,segments/0/stats/0/lastDeaths/category,segments/0/stats/0/lastDeaths/value,segments/0/stats/0/lastDeaths/displayValue,segments/0/stats/0/lastDeaths/displayType,segments/0/stats/0/survived/displayName,segments/0/stats/0/survived/displayCategory,segments/0/stats/0/survived/category,segments/0/stats/0/survived/value,segments/0/stats/0/survived/displayValue,segments/0/stats/0/survived/displayType,segments/0/stats/0/traded/displayName,segments/0/stats/0/traded/displayCategory,segments/0/stats/0/traded/category,segments/0/stats/0/traded/value,segments/0/stats/0/traded/displayValue,segments/0/stats/0/traded/displayType,segments/0/stats/0/kasted/displayName,segments/0/stats/0/kasted/displayCategory,segments/0/stats/0/kasted/category,segments/0/stats/0/kasted/value,segments/0/stats/0/kasted/displayValue,segments/0/stats/0/kasted/displayType,segments/0/stats/0/kAST/displayName,segments/0/stats/0/kAST/displayCategory,segments/0/stats/0/kAST/category,segments/0/stats/0/kAST/value,segments/0/stats/0/kAST/displayValue,segments/0/stats/0/kAST/displayType,segments/0/stats/0/flawless/displayName,segments/0/stats/0/flawless/displayCategory,segments/0/stats/0/flawless/category,segments/0/stats/0/flawless/value,segments/0/stats/0/flawless/displayValue,segments/0/stats/0/flawless/displayType,segments/0/stats/0/thrifty/displayName,segments/0/stats/0/thrifty/displayCategory,segments/0/stats/0/thrifty/category,segments/0/stats/0/thrifty/value,segments/0/stats/0/thrifty/displayValue,segments/0/stats/0/thrifty/displayType,segments/0/stats/0/antiEco/displayName,segments/0/stats/0/antiEco/displayCategory,segments/0/stats/0/antiEco/category,segments/0/stats/0/antiEco/value,segments/0/stats/0/antiEco/displayValue,segments/0/stats/0/antiEco/displayType,segments/0/stats/0/totalThrifty/displayName,segments/0/stats/0/totalThrifty/displayCategory,segments/0/stats/0/totalThrifty/category,segments/0/stats/0/totalThrifty/value,segments/0/stats/0/totalThrifty/displayValue,segments/0/stats/0/totalThrifty/displayType,segments/0/stats/0/totalAntiEco/displayName,segments/0/stats/0/totalAntiEco/displayCategory,segments/0/stats/0/totalAntiEco/category,segments/0/stats/0/totalAntiEco/value,segments/0/stats/0/totalAntiEco/displayValue,segments/0/stats/0/totalAntiEco/displayType,segments/0/stats/0/manAdvantage/displayName,segments/0/stats/0/manAdvantage/displayCategory,segments/0/stats/0/manAdvantage/category,segments/0/stats/0/manAdvantage/value,segments/0/stats/0/manAdvantage/displayValue,segments/0/stats/0/manAdvantage/displayType,segments/0/stats/0/manDisadvantage/displayName,segments/0/stats/0/manDisadvantage/displayCategory,segments/0/stats/0/manDisadvantage/category,segments/0/stats/0/manDisadvantage/value,segments/0/stats/0/manDisadvantage/displayValue,segments/0/stats/0/manDisadvantage/displayType,segments/0/stats/0/aces/displayName,segments/0/stats/0/aces/displayCategory,segments/0/stats/0/aces/category,segments/0/stats/0/aces/value,segments/0/stats/0/aces/displayValue,segments/0/stats/0/aces/displayType,segments/0/stats/0/teamAces/displayName,segments/0/stats/0/teamAces/displayCategory,segments/0/stats/0/teamAces/category,segments/0/stats/0/teamAces/value,segments/0/stats/0/teamAces/displayValue,segments/0/stats/0/teamAces/displayType,segments/0/stats/0/clutches/displayName,segments/0/stats/0/clutches/displayCategory,segments/0/stats/0/clutches/category,segments/0/stats/0/clutches/value,segments/0/stats/0/clutches/displayValue,segments/0/stats/0/clutches/displayType,segments/0/stats/0/clutchesLost/displayName,segments/0/stats/0/clutchesLost/displayCategory,segments/0/stats/0/clutchesLost/category,segments/0/stats/0/clutchesLost/value,segments/0/stats/0/clutchesLost/displayValue,segments/0/stats/0/clutchesLost/displayType,segments/0/stats/0/plants/displayName,segments/0/stats/0/plants/displayCategory,segments/0/stats/0/plants/category,segments/0/stats/0/plants/value,segments/0/stats/0/plants/displayValue,segments/0/stats/0/plants/displayType,segments/0/stats/0/defuses/displayName,segments/0/stats/0/defuses/displayCategory,segments/0/stats/0/defuses/category,segments/0/stats/0/defuses/value,segments/0/stats/0/defuses/displayValue,segments/0/stats/0/defuses/displayType,segments/0/stats/0/kdRatio/displayName,segments/0/stats/0/kdRatio/value,segments/0/stats/0/kdRatio/displayValue,segments/0/stats/0/kdRatio/displayType,segments/0/stats/0/scorePerRound/displayName,segments/0/stats/0/scorePerRound/value,segments/0/stats/0/scorePerRound/displayValue,segments/0/stats/0/scorePerRound/displayType,segments/0/stats/0/damagePerRound/displayName,segments/0/stats/0/damagePerRound/value,segments/0/stats/0/damagePerRound/displayValue,segments/0/stats/0/damagePerRound/displayType,segments/0/stats/0/headshotsPercentage/displayName,segments/0/stats/0/headshotsPercentage/value,segments/0/stats/0/headshotsPercentage/displayValue,segments/0/stats/0/headshotsPercentage/displayType,segments/0/stats/0/damageDelta/displayName,segments/0/stats/0/damageDelta/value,segments/0/stats/0/damageDelta/displayValue,segments/0/stats/0/damageDelta/displayType,segments/0/stats/0/damageDeltaPerRound/displayName,segments/0/stats/0/damageDeltaPerRound/value,segments/0/stats/0/damageDeltaPerRound/displayValue,segments/0/stats/0/damageDeltaPerRound/displayType,segments/0/stats/0/rank/displayName,segments/0/stats/0/rank/category,segments/0/stats/0/rank/metadata/iconUrl,segments/0/stats/0/rank/metadata/tierName,segments/0/stats/0/rank/value,segments/0/stats/0/rank/displayValue,segments/0/stats/0/rank/displayType,segments/0/stats/0/trnPerformanceScore/displayName,segments/0/stats/0/trnPerformanceScore/metadata/stats/0,segments/0/stats/0/trnPerformanceScore/metadata/stats/1,segments/0/stats/0/trnPerformanceScore/metadata/stats/2,segments/0/stats/0/trnPerformanceScore/metadata/stats/3,segments/0/stats/0/trnPerformanceScore/value,segments/0/stats/0/trnPerformanceScore/displayValue,segments/0/stats/0/trnPerformanceScore/displayType,streams,expiryDate,segments/0/metadata/tags/1/key,segments/0/metadata/tags/1/name,segments/0/metadata/tags/1/description,segments/0/metadata/tags/1/tone,segments/0/metadata/tags/1/priority,segments/0/metadata/tags/1/count,segments/0/metadata/tags/2/key,segments/0/metadata/tags/2/name,segments/0/metadata/tags/2/description,segments/0/metadata/tags/2/tone,segments/0/metadata/tags/2/priority,segments/0/metadata/tags/2/count,segments/0/metadata/tags/3/key,segments/0/metadata/tags/3/name,segments/0/metadata/tags/3/description,segments/0/metadata/tags/3/tone,segments/0/metadata/tags/3/priority,segments/0/metadata/tags/3/count,segments/0/metadata/tags/4/key,segments/0/metadata/tags/4/name,segments/0/metadata/tags/4/description,segments/0/metadata/tags/4/tone,segments/0/metadata/tags/4/priority,segments/0/metadata/tags/4/count,segments/0/metadata/tags/5/key,segments/0/metadata/tags/5/name,segments/0/metadata/tags/5/description,segments/0/metadata/tags/5/tone,segments/0/metadata/tags/5/priority,segments/0/metadata/tags/5/count
44134d78-f8ce-47cd-8b5b-093a5ba9736f,/Game/Maps/Rook/Rook,/Game/GameModes/Bomb/BombGameMode.BombGameMode_C,3ea2b318-423b-cf86-25da-7cbb0eefbe2d,bomb,Competitive,https://trackercdn.com/cdn/tracker.gg/valorant/icons/modes/normal.png,25,true,2026-03-17T14:00:29.125+00:00,defeat,1c18ab1f-420d-0d8b-71d0-77ad3c439115,Corrode,https://trackercdn.com/cdn/tracker.gg/valorant/db/maps/11.0/corrode.jpg,V26: A1,overview,riot,BRT CauliDerp#ecchi,BRT CauliDerp#ecchi,false,defeat,eb93336a-449b-9c1b-0a54-a891f7921d69,Phoenix,#FF6C40,https://titles.trackercdn.com/valorant-api/agents/eb93336a-449b-9c1b-0a54-a891f7921d69/displayicon.png,clutch1v1,1v1 Clutch,Won a 1v1 clutch,Positive,920,1,0001-01-01T00:00:00+00:00,Playtime,Combat,combat,1516,25m 16s,TimeSeconds,rounds_played,Combat,combat,16,16,Number,Rounds Won,Combat,combat,3,3,Number,Rounds Lost,Combat,combat,13,13,Number,Rounds Disconnected,Combat,combat,0,0,Number,placement,Combat,combat,8,8,Number,Score,Combat,combat,2800,"2,800",Number,Kills,Combat,combat,10,10,Number,Deaths,Combat,combat,13,13,Number,Assists,Combat,combat,3,3,Number,damage,Combat,combat,1757,"1,757",Number,Damaged Received,Combat,combat,2380,"2,380",Number,Headshots,Combat,combat,7,7,Number,kills,Combat,combat,2,2,Number,kills,Combat,combat,3,3,Number,kills,Combat,combat,14,14,Number,Ultimate Casts,Combat,combat,2,2,Number,Dealt Headshots,Combat,combat,7,7,Number,Dealt Bodyshots,Combat,combat,15,15,Number,Dealt Legshots,Combat,combat,4,4,Number,Econ Rating,Combat,combat,46,46,Number,Suicides,Combat,combat,0,0,Number,revived,Combat,combat,0,0,Number,First Bloods,Combat,combat,1,1,Number,First Deaths,Combat,combat,4,4,Number,Last Deaths,Combat,combat,0,0,Number,Survived,Combat,combat,3,3,Number,Traded,Combat,combat,1,1,Number,Kasted,Combat,combat,,,Number,KAST,Combat,combat,50,50.0%,NumberPercentage,Flawless,Combat,combat,0,0,Number,Thrifty,Combat,combat,0,0,Number,Anti-Eco,Combat,combat,,,Number,Total Thrifty,Combat,combat,,,Number,Total Anti-Eco,Combat,combat,,,Number,Man Advantage,Combat,combat,,,Number,Man Disadvantage,Combat,combat,,,Number,Aces,Combat,combat,0,0,Number,Team Aces,Combat,combat,0,0,Number,Clutches,Combat,combat,1,1,Number,Clutches Lost,Combat,combat,1,1,Number,Plants,Combat,combat,0,0,Number,Defuses,Combat,combat,0,0,Number,K/D Ratio,0.769230769230769,0.8,NumberPrecision1,Avg. Score,175,175,Number,Dmg/Round,109.8125,110,Number,Headshot%,26.9230769230769,27,Number,Damage Delta Δ,-623,-623,Number,DDΔ/Round,-38.9375,-39,Number,Rating,mmr,https://trackercdn.com/cdn/tracker.gg/valorant/icons/tiersv2/14.png,Gold 3,,,String,Performance Score,roundsWinPct,kAST,scorePerRound,damageDeltaPerRound,192,192,Number,,0001-01-01T00:00:00+00:00,,,,,,,,,,,,,,,,,,,,,,,,,,,,,,
94b6a626-edae-42e6-bdb4-dd472bc7d7ab,/Game/Maps/Bonsai/Bonsai,/Game/GameModes/Bomb/BombGameMode.BombGameMode_C,3ea2b318-423b-cf86-25da-7cbb0eefbe2d,bomb,Competitive,https://trackercdn.com/cdn/tracker.gg/valorant/icons/modes/normal.png,25,true,2026-03-17T13:25:36.377+00:00,victory,d960549e-485c-e861-8d71-aa9d1aed12a2,Split,https://trackercdn.com/cdn/tracker.gg/valorant/db/maps/7.04/split.jpg,V26: A1,overview,riot,BRT CauliDerp#ecchi,BRT CauliDerp#ecchi,true,victory,bb2a4828-46eb-8cd1-e765-15848195d751,Neon,#2952A5,https://titles.trackercdn.com/valorant-api/agents/bb2a4828-46eb-8cd1-e765-15848195d751/displayicon.png,highKast,High KAST,Have a high KAST%,Positive,930,1,0001-01-01T00:00:00+00:00,Playtime,Combat,combat,1860,31m 00s,TimeSeconds,rounds_played,Combat,combat,15,15,Number,Rounds Won,Combat,combat,13,13,Number,Rounds Lost,Combat,combat,2,2,Number,Rounds Disconnected,Combat,combat,0,0,Number,placement,Combat,combat,5,5,Number,Score,Combat,combat,3452,"3,452",Number,Kills,Combat,combat,13,13,Number,Deaths,Combat,combat,10,10,Number,Assists,Combat,combat,0,0,Number,damage,Combat,combat,1812,"1,812",Number,Damaged Received,Combat,combat,2015,"2,015",Number,Headshots,Combat,combat,5,5,Number,kills,Combat,combat,2,2,Number,kills,Combat,combat,0,0,Number,kills,Combat,combat,14,14,Number,Ultimate Casts,Combat,combat,1,1,Number,Dealt Headshots,Combat,combat,5,5,Number,Dealt Bodyshots,Combat,combat,35,35,Number,Dealt Legshots,Combat,combat,10,10,Number,Econ Rating,Combat,combat,48,48,Number,Suicides,Combat,combat,0,0,Number,revived,Combat,combat,1,1,Number,First Bloods,Combat,combat,7,7,Number,First Deaths,Combat,combat,1,1,Number,Last Deaths,Combat,combat,1,1,Number,Survived,Combat,combat,6,6,Number,Traded,Combat,combat,1,1,Number,Kasted,Combat,combat,,,Number,KAST,Combat,combat,87,87.0%,NumberPercentage,Flawless,Combat,combat,0,0,Number,Thrifty,Combat,combat,0,0,Number,Anti-Eco,Combat,combat,,,Number,Total Thrifty,Combat,combat,,,Number,Total Anti-Eco,Combat,combat,,,Number,Man Advantage,Combat,combat,,,Number,Man Disadvantage,Combat,combat,,,Number,Aces,Combat,combat,0,0,Number,Team Aces,Combat,combat,1,1,Number,Clutches,Combat,combat,,,Number,Clutches Lost,Combat,combat,1,1,Number,Plants,Combat,combat,0,0,Number,Defuses,Combat,combat,0,0,Number,K/D Ratio,1.3,1.3,NumberPrecision1,Avg. Score,230.133333333333,230,Number,Dmg/Round,120.8,121,Number,Headshot%,10,10,Number,Damage Delta Δ,-203,-203,Number,DDΔ/Round,-13.5333333333333,-14,Number,Rating,mmr,https://trackercdn.com/cdn/tracker.gg/valorant/icons/tiersv2/14.png,Gold 3,,,String,Performance Score,roundsWinPct,kAST,scorePerRound,damageDeltaPerRound,746,746,Number,,0001-01-01T00:00:00+00:00,,,,,,,,,,,,,,,,,,,,,,,,,,,,,,
545a6eff-45bb-47ca-99d6-1a6be64c787c,/Game/Maps/Foxtrot/Foxtrot,/Game/GameModes/Bomb/BombGameMode.BombGameMode_C,3ea2b318-423b-cf86-25da-7cbb0eefbe2d,bomb,Competitive,https://trackercdn.com/cdn/tracker.gg/valorant/icons/modes/normal.png,25,true,2026-03-01T06:35:00.174+00:00,victory,2fb9a4fd-47b8-4e7d-a969-74b4046ebd53,Breeze,https://trackercdn.com/cdn/tracker.gg/valorant/db/maps/7.04/breeze.jpg,V26: A1,overview,riot,BRT CauliDerp#ecchi,BRT CauliDerp#ecchi,true,victory,7f94d92c-4234-0a36-9646-3a87eb8b5c89,Yoru,#414e94,https://titles.trackercdn.com/valorant-api/agents/7f94d92c-4234-0a36-9646-3a87eb8b5c89/displayicon.png,kills3k,3k,Killed 3 enemies in one round,Positive,910,1,0001-01-01T00:00:00+00:00,Playtime,Combat,combat,1322,22m 02s,TimeSeconds,rounds_played,Combat,combat,16,16,Number,Rounds Won,Combat,combat,13,13,Number,Rounds Lost,Combat,combat,3,3,Number,Rounds Disconnected,Combat,combat,0,0,Number,placement,Combat,combat,5,5,Number,Score,Combat,combat,3180,"3,180",Number,Kills,Combat,combat,12,12,Number,Deaths,Combat,combat,11,11,Number,Assists,Combat,combat,5,5,Number,damage,Combat,combat,2226,"2,226",Number,Damaged Received,Combat,combat,1984,"1,984",Number,Headshots,Combat,combat,8,8,Number,kills,Combat,combat,7,7,Number,kills,Combat,combat,10,10,Number,kills,Combat,combat,21,21,Number,Ultimate Casts,Combat,combat,0,0,Number,Dealt Headshots,Combat,combat,8,8,Number,Dealt Bodyshots,Combat,combat,39,39,Number,Dealt Legshots,Combat,combat,2,2,Number,Econ Rating,Combat,combat,63,63,Number,Suicides,Combat,combat,0,0,Number,revived,Combat,combat,0,0,Number,First Bloods,Combat,combat,1,1,Number,First Deaths,Combat,combat,3,3,Number,Last Deaths,Combat,combat,2,2,Number,Survived,Combat,combat,5,5,Number,Traded,Combat,combat,2,2,Number,Kasted,Combat,combat,,,Number,KAST,Combat,combat,75,75.0%,NumberPercentage,Flawless,Combat,combat,0,0,Number,Thrifty,Combat,combat,0,0,Number,Anti-Eco,Combat,combat,,,Number,Total Thrifty,Combat,combat,,,Number,Total Anti-Eco,Combat,combat,,,Number,Man Advantage,Combat,combat,,,Number,Man Disadvantage,Combat,combat,,,Number,Aces,Combat,combat,0,0,Number,Team Aces,Combat,combat,0,0,Number,Clutches,Combat,combat,,,Number,Clutches Lost,Combat,combat,2,2,Number,Plants,Combat,combat,0,0,Number,Defuses,Combat,combat,0,0,Number,K/D Ratio,1.09090909090909,1.1,NumberPrecision1,Avg. Score,198.75,199,Number,Dmg/Round,139.125,139,Number,Headshot%,16.3265306122449,16,Number,Damage Delta Δ,242,242,Number,DDΔ/Round,15.125,15,Number,Rating,mmr,https://trackercdn.com/cdn/tracker.gg/valorant/icons/tiersv2/14.png,Gold 3,,,String,Performance Score,roundsWinPct,kAST,scorePerRound,damageDeltaPerRound,647,647,Number,,0001-01-01T00:00:00+00:00,,,,,,,,,,,,,,,,,,,,,,,,,,,,,,
de96e06e-24cb-48e2-aa7c-2a32e926d5bc,/Game/Maps/Infinity/Infinity,/Game/GameModes/Bomb/BombGameMode.BombGameMode_C,3ea2b318-423b-cf86-25da-7cbb0eefbe2d,bomb,Competitive,https://trackercdn.com/cdn/tracker.gg/valorant/icons/modes/normal.png,25,true,2026-03-01T05:50:01.647+00:00,defeat,224b0a95-48b9-f703-1bd8-67aca101a61f,Abyss,https://trackercdn.com/cdn/tracker.gg/valorant/db/maps/9.0/abyss.jpg,V26: A1,overview,riot,BRT CauliDerp#ecchi,BRT CauliDerp#ecchi,false,defeat,9f0d8ba9-4140-b941-57d3-a7ad57c6b417,Brimstone,#FECC26,https://titles.trackercdn.com/valorant-api/agents/9f0d8ba9-4140-b941-57d3-a7ad57c6b417/displayicon.png,highKast,High KAST,Have a high KAST%,Positive,930,1,0001-01-01T00:00:00+00:00,Playtime,Combat,combat,2377,39m 37s,TimeSeconds,rounds_played,Combat,combat,26,26,Number,Rounds Won,Combat,combat,12,12,Number,Rounds Lost,Combat,combat,14,14,Number,Rounds Disconnected,Combat,combat,0,0,Number,placement,Combat,combat,6,6,Number,Score,Combat,combat,5311,"5,311",Number,Kills,Combat,combat,17,17,Number,Deaths,Combat,combat,19,19,Number,Assists,Combat,combat,17,17,Number,damage,Combat,combat,3256,"3,256",Number,Damaged Received,Combat,combat,3681,"3,681",Number,Headshots,Combat,combat,5,5,Number,kills,Combat,combat,12,12,Number,kills,Combat,combat,10,10,Number,kills,Combat,combat,50,50,Number,Ultimate Casts,Combat,combat,4,4,Number,Dealt Headshots,Combat,combat,6,6,Number,Dealt Bodyshots,Combat,combat,51,51,Number,Dealt Legshots,Combat,combat,7,7,Number,Econ Rating,Combat,combat,53,53,Number,Suicides,Combat,combat,0,0,Number,revived,Combat,combat,1,1,Number,First Bloods,Combat,combat,2,2,Number,First Deaths,Combat,combat,2,2,Number,Last Deaths,Combat,combat,2,2,Number,Survived,Combat,combat,7,7,Number,Traded,Combat,combat,4,4,Number,Kasted,Combat,combat,,,Number,KAST,Combat,combat,85,85.0%,NumberPercentage,Flawless,Combat,combat,2,2,Number,Thrifty,Combat,combat,1,1,Number,Anti-Eco,Combat,combat,,,Number,Total Thrifty,Combat,combat,,,Number,Total Anti-Eco,Combat,combat,,,Number,Man Advantage,Combat,combat,,,Number,Man Disadvantage,Combat,combat,,,Number,Aces,Combat,combat,0,0,Number,Team Aces,Combat,combat,0,0,Number,Clutches,Combat,combat,,,Number,Clutches Lost,Combat,combat,2,2,Number,Plants,Combat,combat,1,1,Number,Defuses,Combat,combat,1,1,Number,K/D Ratio,0.894736842105263,0.9,NumberPrecision1,Avg. Score,204.269230769231,204,Number,Dmg/Round,125.230769230769,125,Number,Headshot%,9.375,9,Number,Damage Delta Δ,-425,-425,Number,DDΔ/Round,-16.3461538461538,-16,Number,Rating,mmr,https://trackercdn.com/cdn/tracker.gg/valorant/icons/tiersv2/14.png,Gold 3,,,String,Performance Score,roundsWinPct,kAST,scorePerRound,damageDeltaPerRound,623,623,Number,,0001-01-01T00:00:00+00:00,,,,,,,,,,,,,,,,,,,,,,,,,,,,,,
b5ad9b72-f66a-4bfc-95eb-444f12fde306,/Game/Maps/Triad/Triad,/Game/GameModes/Bomb/BombGameMode.BombGameMode_C,3ea2b318-423b-cf86-25da-7cbb0eefbe2d,bomb,Competitive,https://trackercdn.com/cdn/tracker.gg/valorant/icons/modes/normal.png,25,true,2026-02-27T16:09:34.047+00:00,victory,2bee0dc9-4ffe-519b-1cbd-7fbe763a6047,Haven,https://trackercdn.com/cdn/tracker.gg/valorant/db/maps/7.04/haven.jpg,V26: A1,overview,riot,BRT CauliDerp#ecchi,BRT CauliDerp#ecchi,true,victory,cc8b64c8-4b25-4ff9-6e7f-37b4da43d235,Deadlock,#FA7B38,https://titles.trackercdn.com/valorant-api/agents/cc8b64c8-4b25-4ff9-6e7f-37b4da43d235/displayicon.png,highKast,High KAST,Have a high KAST%,Positive,930,1,0001-01-01T00:00:00+00:00,Playtime,Combat,combat,2209,36m 49s,TimeSeconds,rounds_played,Combat,combat,23,23,Number,Rounds Won,Combat,combat,13,13,Number,Rounds Lost,Combat,combat,10,10,Number,Rounds Disconnected,Combat,combat,0,0,Number,placement,Combat,combat,6,6,Number,Score,Combat,combat,4588,"4,588",Number,Kills,Combat,combat,16,16,Number,Deaths,Combat,combat,14,14,Number,Assists,Combat,combat,6,6,Number,damage,Combat,combat,2898,"2,898",Number,Damaged Received,Combat,combat,2718,"2,718",Number,Headshots,Combat,combat,10,10,Number,kills,Combat,combat,13,13,Number,kills,Combat,combat,32,32,Number,kills,Combat,combat,13,13,Number,Ultimate Casts,Combat,combat,4,4,Number,Dealt Headshots,Combat,combat,10,10,Number,Dealt Bodyshots,Combat,combat,41,41,Number,Dealt Legshots,Combat,combat,5,5,Number,Econ Rating,Combat,combat,53,53,Number,Suicides,Combat,combat,0,0,Number,revived,Combat,combat,0,0,Number,First Bloods,Combat,combat,0,0,Number,First Deaths,Combat,combat,0,0,Number,Last Deaths,Combat,combat,3,3,Number,Survived,Combat,combat,9,9,Number,Traded,Combat,combat,3,3,Number,Kasted,Combat,combat,,,Number,KAST,Combat,combat,91,91.0%,NumberPercentage,Flawless,Combat,combat,1,1,Number,Thrifty,Combat,combat,0,0,Number,Anti-Eco,Combat,combat,,,Number,Total Thrifty,Combat,combat,,,Number,Total Anti-Eco,Combat,combat,,,Number,Man Advantage,Combat,combat,,,Number,Man Disadvantage,Combat,combat,,,Number,Aces,Combat,combat,0,0,Number,Team Aces,Combat,combat,0,0,Number,Clutches,Combat,combat,,,Number,Clutches Lost,Combat,combat,3,3,Number,Plants,Combat,combat,1,1,Number,Defuses,Combat,combat,0,0,Number,K/D Ratio,1.14285714285714,1.1,NumberPrecision1,Avg. Score,199.478260869565,199,Number,Dmg/Round,126,126,Number,Headshot%,17.8571428571429,18,Number,Damage Delta Δ,180,180,Number,DDΔ/Round,7.82608695652174,8,Number,Rating,mmr,https://trackercdn.com/cdn/tracker.gg/valorant/icons/tiersv2/14.png,Gold 3,,,String,Performance Score,roundsWinPct,kAST,scorePerRound,damageDeltaPerRound,738,738,Number,,0001-01-01T00:00:00+00:00,,,,,,,,,,,,,,,,,,,,,,,,,,,,,,
3d3678da-b85d-4ceb-8e3d-51a5c863c1d2,/Game/Maps/Infinity/Infinity,/Game/GameModes/Bomb/BombGameMode.BombGameMode_C,3ea2b318-423b-cf86-25da-7cbb0eefbe2d,bomb,Competitive,https://trackercdn.com/cdn/tracker.gg/valorant/icons/modes/normal.png,25,true,2026-02-27T15:27:18.089+00:00,victory,224b0a95-48b9-f703-1bd8-67aca101a61f,Abyss,https://trackercdn.com/cdn/tracker.gg/valorant/db/maps/9.0/abyss.jpg,V26: A1,overview,riot,BRT CauliDerp#ecchi,BRT CauliDerp#ecchi,true,victory,7f94d92c-4234-0a36-9646-3a87eb8b5c89,Yoru,#414e94,https://titles.trackercdn.com/valorant-api/agents/7f94d92c-4234-0a36-9646-3a87eb8b5c89/displayicon.png,kills4k,4k,Killed 4 enemies in one round,Positive,940,1,0001-01-01T00:00:00+00:00,Playtime,Combat,combat,2274,37m 54s,TimeSeconds,rounds_played,Combat,combat,21,21,Number,Rounds Won,Combat,combat,13,13,Number,Rounds Lost,Combat,combat,8,8,Number,Rounds Disconnected,Combat,combat,0,0,Number,placement,Combat,combat,7,7,Number,Score,Combat,combat,4318,"4,318",Number,Kills,Combat,combat,15,15,Number,Deaths,Combat,combat,18,18,Number,Assists,Combat,combat,5,5,Number,damage,Combat,combat,2670,"2,670",Number,Damaged Received,Combat,combat,3101,"3,101",Number,Headshots,Combat,combat,8,8,Number,kills,Combat,combat,9,9,Number,kills,Combat,combat,10,10,Number,kills,Combat,combat,27,27,Number,Ultimate Casts,Combat,combat,2,2,Number,Dealt Headshots,Combat,combat,9,9,Number,Dealt Bodyshots,Combat,combat,46,46,Number,Dealt Legshots,Combat,combat,7,7,Number,Econ Rating,Combat,combat,50,50,Number,Suicides,Combat,combat,0,0,Number,revived,Combat,combat,0,0,Number,First Bloods,Combat,combat,3,3,Number,First Deaths,Combat,combat,6,6,Number,Last Deaths,Combat,combat,0,0,Number,Survived,Combat,combat,3,3,Number,Traded,Combat,combat,5,5,Number,Kasted,Combat,combat,,,Number,KAST,Combat,combat,67,67.0%,NumberPercentage,Flawless,Combat,combat,0,0,Number,Thrifty,Combat,combat,0,0,Number,Anti-Eco,Combat,combat,,,Number,Total Thrifty,Combat,combat,,,Number,Total Anti-Eco,Combat,combat,,,Number,Man Advantage,Combat,combat,,,Number,Man Disadvantage,Combat,combat,,,Number,Aces,Combat,combat,0,0,Number,Team Aces,Combat,combat,0,0,Number,Clutches,Combat,combat,1,1,Number,Clutches Lost,Combat,combat,,,Number,Plants,Combat,combat,2,2,Number,Defuses,Combat,combat,0,0,Number,K/D Ratio,0.833333333333333,0.8,NumberPrecision1,Avg. Score,205.619047619048,206,Number,Dmg/Round,127.142857142857,127,Number,Headshot%,14.5161290322581,15,Number,Damage Delta Δ,-431,-431,Number,DDΔ/Round,-20.5238095238095,-21,Number,Rating,mmr,https://trackercdn.com/cdn/tracker.gg/valorant/icons/tiersv2/14.png,Gold 3,,,String,Performance Score,roundsWinPct,kAST,scorePerRound,damageDeltaPerRound,511,511,Number,,0001-01-01T00:00:00+00:00,clutch1v1,1v1 Clutch,Won a 1v1 clutch,Positive,920,1,kills3k,3k,Killed 3 enemies in one round,Positive,910,1,,,,,,,,,,,,,,,,,,
de480474-c66b-4f42-ad85-cd34b054be43,/Game/Maps/Pitt/Pitt,/Game/GameModes/Bomb/BombGameMode.BombGameMode_C,3ea2b318-423b-cf86-25da-7cbb0eefbe2d,bomb,Competitive,https://trackercdn.com/cdn/tracker.gg/valorant/icons/modes/normal.png,25,true,2026-02-27T14:50:06.562+00:00,victory,fd267378-4d1d-484f-ff52-77821ed10dc2,Pearl,https://trackercdn.com/cdn/tracker.gg/valorant/db/maps/7.04/pearl.jpg,V26: A1,overview,riot,BRT CauliDerp#ecchi,BRT CauliDerp#ecchi,true,victory,add6443a-41bd-e414-f6ad-e58d267f4e95,Jett,#98DCFF,https://titles.trackercdn.com/valorant-api/agents/add6443a-41bd-e414-f6ad-e58d267f4e95/displayicon.png,kills3k,3k,Killed 3 enemies in one round,Positive,910,1,0001-01-01T00:00:00+00:00,Playtime,Combat,combat,1886,31m 26s,TimeSeconds,rounds_played,Combat,combat,19,19,Number,Rounds Won,Combat,combat,13,13,Number,Rounds Lost,Combat,combat,6,6,Number,Rounds Disconnected,Combat,combat,0,0,Number,placement,Combat,combat,2,2,Number,Score,Combat,combat,5650,"5,650",Number,Kills,Combat,combat,22,22,Number,Deaths,Combat,combat,11,11,Number,Assists,Combat,combat,2,2,Number,damage,Combat,combat,3385,"3,385",Number,Damaged Received,Combat,combat,2393,"2,393",Number,Headshots,Combat,combat,12,12,Number,kills,Combat,combat,10,10,Number,kills,Combat,combat,6,6,Number,kills,Combat,combat,24,24,Number,Ultimate Casts,Combat,combat,3,3,Number,Dealt Headshots,Combat,combat,13,13,Number,Dealt Bodyshots,Combat,combat,47,47,Number,Dealt Legshots,Combat,combat,7,7,Number,Econ Rating,Combat,combat,82,82,Number,Suicides,Combat,combat,0,0,Number,revived,Combat,combat,0,0,Number,First Bloods,Combat,combat,3,3,Number,First Deaths,Combat,combat,2,2,Number,Last Deaths,Combat,combat,3,3,Number,Survived,Combat,combat,8,8,Number,Traded,Combat,combat,0,0,Number,Kasted,Combat,combat,,,Number,KAST,Combat,combat,84,84.0%,NumberPercentage,Flawless,Combat,combat,0,0,Number,Thrifty,Combat,combat,0,0,Number,Anti-Eco,Combat,combat,,,Number,Total Thrifty,Combat,combat,,,Number,Total Anti-Eco,Combat,combat,,,Number,Man Advantage,Combat,combat,,,Number,Man Disadvantage,Combat,combat,,,Number,Aces,Combat,combat,0,0,Number,Team Aces,Combat,combat,0,0,Number,Clutches,Combat,combat,,,Number,Clutches Lost,Combat,combat,3,3,Number,Plants,Combat,combat,0,0,Number,Defuses,Combat,combat,0,0,Number,K/D Ratio,2,2.0,NumberPrecision1,Avg. Score,297.368421052632,297,Number,Dmg/Round,178.157894736842,178,Number,Headshot%,19.4029850746269,19,Number,Damage Delta Δ,992,992,Number,DDΔ/Round,52.2105263157895,52,Number,Rating,mmr,https://trackercdn.com/cdn/tracker.gg/valorant/icons/tiersv2/13.png,Gold 2,,,String,Performance Score,roundsWinPct,kAST,scorePerRound,damageDeltaPerRound,915,915,Number,,0001-01-01T00:00:00+00:00,,,,,,,,,,,,,,,,,,,,,,,,,,,,,,
efca87ef-7677-4824-8f7e-5c70da6b9e67,/Game/Maps/Foxtrot/Foxtrot,/Game/GameModes/Bomb/BombGameMode.BombGameMode_C,3ea2b318-423b-cf86-25da-7cbb0eefbe2d,bomb,Competitive,https://trackercdn.com/cdn/tracker.gg/valorant/icons/modes/normal.png,25,true,2026-02-27T14:18:02.524+00:00,defeat,2fb9a4fd-47b8-4e7d-a969-74b4046ebd53,Breeze,https://trackercdn.com/cdn/tracker.gg/valorant/db/maps/7.04/breeze.jpg,V26: A1,overview,riot,BRT CauliDerp#ecchi,BRT CauliDerp#ecchi,false,defeat,9f0d8ba9-4140-b941-57d3-a7ad57c6b417,Brimstone,#FECC26,https://titles.trackercdn.com/valorant-api/agents/9f0d8ba9-4140-b941-57d3-a7ad57c6b417/displayicon.png,highKast,High KAST,Have a high KAST%,Positive,930,1,0001-01-01T00:00:00+00:00,Playtime,Combat,combat,1765,29m 25s,TimeSeconds,rounds_played,Combat,combat,17,17,Number,Rounds Won,Combat,combat,4,4,Number,Rounds Lost,Combat,combat,13,13,Number,Rounds Disconnected,Combat,combat,0,0,Number,placement,Combat,combat,2,2,Number,Score,Combat,combat,5921,"5,921",Number,Kills,Combat,combat,19,19,Number,Deaths,Combat,combat,17,17,Number,Assists,Combat,combat,6,6,Number,damage,Combat,combat,3855,"3,855",Number,Damaged Received,Combat,combat,2925,"2,925",Number,Headshots,Combat,combat,11,11,Number,kills,Combat,combat,10,10,Number,kills,Combat,combat,4,4,Number,kills,Combat,combat,29,29,Number,Ultimate Casts,Combat,combat,2,2,Number,Dealt Headshots,Combat,combat,16,16,Number,Dealt Bodyshots,Combat,combat,50,50,Number,Dealt Legshots,Combat,combat,5,5,Number,Econ Rating,Combat,combat,85,85,Number,Suicides,Combat,combat,0,0,Number,revived,Combat,combat,0,0,Number,First Bloods,Combat,combat,1,1,Number,First Deaths,Combat,combat,1,1,Number,Last Deaths,Combat,combat,7,7,Number,Survived,Combat,combat,0,0,Number,Traded,Combat,combat,5,5,Number,Kasted,Combat,combat,,,Number,KAST,Combat,combat,88,88.0%,NumberPercentage,Flawless,Combat,combat,0,0,Number,Thrifty,Combat,combat,1,1,Number,Anti-Eco,Combat,combat,,,Number,Total Thrifty,Combat,combat,,,Number,Total Anti-Eco,Combat,combat,,,Number,Man Advantage,Combat,combat,,,Number,Man Disadvantage,Combat,combat,,,Number,Aces,Combat,combat,0,0,Number,Team Aces,Combat,combat,0,0,Number,Clutches,Combat,combat,,,Number,Clutches Lost,Combat,combat,7,7,Number,Plants,Combat,combat,0,0,Number,Defuses,Combat,combat,0,0,Number,K/D Ratio,1.11764705882353,1.1,NumberPrecision1,Avg. Score,348.294117647059,348,Number,Dmg/Round,226.764705882353,227,Number,Headshot%,22.5352112676056,23,Number,Damage Delta Δ,930,930,Number,DDΔ/Round,54.7058823529412,55,Number,Rating,mmr,https://trackercdn.com/cdn/tracker.gg/valorant/icons/tiersv2/14.png,Gold 3,,,String,Performance Score,roundsWinPct,kAST,scorePerRound,damageDeltaPerRound,826,826,Number,,0001-01-01T00:00:00+00:00,kills3k,3k,Killed 3 enemies in one round,Positive,910,1,victim,Victim,One or more deaths per round,Negative,880,1,,,,,,,,,,,,,,,,,,
7977b25c-bca3-4a5c-90a3-80bf2b420772,/Game/Maps/Rook/Rook,/Game/GameModes/Bomb/BombGameMode.BombGameMode_C,3ea2b318-423b-cf86-25da-7cbb0eefbe2d,bomb,Competitive,https://trackercdn.com/cdn/tracker.gg/valorant/icons/modes/normal.png,25,true,2026-02-25T08:53:23.907+00:00,defeat,1c18ab1f-420d-0d8b-71d0-77ad3c439115,Corrode,https://trackercdn.com/cdn/tracker.gg/valorant/db/maps/11.0/corrode.jpg,V26: A1,overview,riot,BRT CauliDerp#ecchi,BRT CauliDerp#ecchi,false,defeat,cc8b64c8-4b25-4ff9-6e7f-37b4da43d235,Deadlock,#FA7B38,https://titles.trackercdn.com/valorant-api/agents/cc8b64c8-4b25-4ff9-6e7f-37b4da43d235/displayicon.png,kills3k,3k,Killed 3 enemies in one round,Positive,910,3,0001-01-01T00:00:00+00:00,Playtime,Combat,combat,2356,39m 16s,TimeSeconds,rounds_played,Combat,combat,24,24,Number,Rounds Won,Combat,combat,11,11,Number,Rounds Lost,Combat,combat,13,13,Number,Rounds Disconnected,Combat,combat,0,0,Number,placement,Combat,combat,5,5,Number,Score,Combat,combat,4852,"4,852",Number,Kills,Combat,combat,17,17,Number,Deaths,Combat,combat,21,21,Number,Assists,Combat,combat,3,3,Number,damage,Combat,combat,3254,"3,254",Number,Damaged Received,Combat,combat,3992,"3,992",Number,Headshots,Combat,combat,9,9,Number,kills,Combat,combat,15,15,Number,kills,Combat,combat,31,31,Number,kills,Combat,combat,15,15,Number,Ultimate Casts,Combat,combat,5,5,Number,Dealt Headshots,Combat,combat,12,12,Number,Dealt Bodyshots,Combat,combat,42,42,Number,Dealt Legshots,Combat,combat,7,7,Number,Econ Rating,Combat,combat,51,51,Number,Suicides,Combat,combat,0,0,Number,revived,Combat,combat,0,0,Number,First Bloods,Combat,combat,0,0,Number,First Deaths,Combat,combat,2,2,Number,Last Deaths,Combat,combat,3,3,Number,Survived,Combat,combat,3,3,Number,Traded,Combat,combat,2,2,Number,Kasted,Combat,combat,,,Number,KAST,Combat,combat,62,62.0%,NumberPercentage,Flawless,Combat,combat,0,0,Number,Thrifty,Combat,combat,1,1,Number,Anti-Eco,Combat,combat,,,Number,Total Thrifty,Combat,combat,,,Number,Total Anti-Eco,Combat,combat,,,Number,Man Advantage,Combat,combat,,,Number,Man Disadvantage,Combat,combat,,,Number,Aces,Combat,combat,0,0,Number,Team Aces,Combat,combat,0,0,Number,Clutches,Combat,combat,,,Number,Clutches Lost,Combat,combat,3,3,Number,Plants,Combat,combat,2,2,Number,Defuses,Combat,combat,0,0,Number,K/D Ratio,0.80952380952381,0.8,NumberPrecision1,Avg. Score,202.166666666667,202,Number,Dmg/Round,135.583333333333,136,Number,Headshot%,19.672131147541,20,Number,Damage Delta Δ,-738,-738,Number,DDΔ/Round,-30.75,-31,Number,Rating,mmr,https://trackercdn.com/cdn/tracker.gg/valorant/icons/tiersv2/14.png,Gold 3,,,String,Performance Score,roundsWinPct,kAST,scorePerRound,damageDeltaPerRound,391,391,Number,,0001-01-01T00:00:00+00:00,,,,,,,,,,,,,,,,,,,,,,,,,,,,,,
5e063533-f81d-4fbb-a1a0-6aa61ae21e69,/Game/Maps/Foxtrot/Foxtrot,/Game/GameModes/Bomb/BombGameMode.BombGameMode_C,3ea2b318-423b-cf86-25da-7cbb0eefbe2d,bomb,Competitive,https://trackercdn.com/cdn/tracker.gg/valorant/icons/modes/normal.png,25,true,2026-02-25T07:17:35.094+00:00,defeat,2fb9a4fd-47b8-4e7d-a969-74b4046ebd53,Breeze,https://trackercdn.com/cdn/tracker.gg/valorant/db/maps/7.04/breeze.jpg,V26: A1,overview,riot,BRT CauliDerp#ecchi,BRT CauliDerp#ecchi,false,defeat,efba5359-4016-a1e5-7626-b1ae76895940,Vyse,#4D07DE,https://titles.trackercdn.com/valorant-api/agents/efba5359-4016-a1e5-7626-b1ae76895940/displayicon.png,clutch1v2,1v2 Clutch,Won a 1v2 clutch,Positive,950,1,0001-01-01T00:00:00+00:00,Playtime,Combat,combat,2107,35m 07s,TimeSeconds,rounds_played,Combat,combat,22,22,Number,Rounds Won,Combat,combat,9,9,Number,Rounds Lost,Combat,combat,13,13,Number,Rounds Disconnected,Combat,combat,0,0,Number,placement,Combat,combat,7,7,Number,Score,Combat,combat,3909,"3,909",Number,Kills,Combat,combat,13,13,Number,Deaths,Combat,combat,17,17,Number,Assists,Combat,combat,6,6,Number,damage,Combat,combat,2798,"2,798",Number,Damaged Received,Combat,combat,3165,"3,165",Number,Headshots,Combat,combat,8,8,Number,kills,Combat,combat,20,20,Number,kills,Combat,combat,21,21,Number,kills,Combat,combat,15,15,Number,Ultimate Casts,Combat,combat,4,4,Number,Dealt Headshots,Combat,combat,8,8,Number,Dealt Bodyshots,Combat,combat,48,48,Number,Dealt Legshots,Combat,combat,3,3,Number,Econ Rating,Combat,combat,62,62,Number,Suicides,Combat,combat,0,0,Number,revived,Combat,combat,0,0,Number,First Bloods,Combat,combat,1,1,Number,First Deaths,Combat,combat,0,0,Number,Last Deaths,Combat,combat,3,3,Number,Survived,Combat,combat,5,5,Number,Traded,Combat,combat,2,2,Number,Kasted,Combat,combat,,,Number,KAST,Combat,combat,68,68.0%,NumberPercentage,Flawless,Combat,combat,1,1,Number,Thrifty,Combat,combat,0,0,Number,Anti-Eco,Combat,combat,,,Number,Total Thrifty,Combat,combat,,,Number,Total Anti-Eco,Combat,combat,,,Number,Man Advantage,Combat,combat,,,Number,Man Disadvantage,Combat,combat,,,Number,Aces,Combat,combat,0,0,Number,Team Aces,Combat,combat,0,0,Number,Clutches,Combat,combat,1,1,Number,Clutches Lost,Combat,combat,3,3,Number,Plants,Combat,combat,3,3,Number,Defuses,Combat,combat,1,1,Number,K/D Ratio,0.764705882352941,0.8,NumberPrecision1,Avg. Score,177.681818181818,178,Number,Dmg/Round,127.181818181818,127,Number,Headshot%,13.5593220338983,14,Number,Damage Delta Δ,-367,-367,Number,DDΔ/Round,-16.6818181818182,-17,Number,Rating,mmr,https://trackercdn.com/cdn/tracker.gg/valorant/icons/tiersv2/14.png,Gold 3,,,String,Performance Score,roundsWinPct,kAST,scorePerRound,damageDeltaPerRound,397,397,Number,,0001-01-01T00:00:00+00:00,kills3k,3k,Killed 3 enemies in one round,Positive,910,1,,,,,,,,,,,,,,,,,,,,,,,,
9b40acc8-565d-4b53-a8f3-4e4ba74f759e,/Game/Maps/Duality/Duality,/Game/GameModes/Bomb/BombGameMode.BombGameMode_C,3ea2b318-423b-cf86-25da-7cbb0eefbe2d,bomb,Competitive,https://trackercdn.com/cdn/tracker.gg/valorant/icons/modes/normal.png,25,true,2026-02-25T06:43:31.77+00:00,victory,2c9d57ec-4431-9c5e-2939-8f9ef6dd5cba,Bind,https://trackercdn.com/cdn/tracker.gg/valorant/db/maps/7.04/bind.jpg,V26: A1,overview,riot,BRT CauliDerp#ecchi,BRT CauliDerp#ecchi,true,victory,7f94d92c-4234-0a36-9646-3a87eb8b5c89,Yoru,#414e94,https://titles.trackercdn.com/valorant-api/agents/7f94d92c-4234-0a36-9646-3a87eb8b5c89/displayicon.png,,,,,,,0001-01-01T00:00:00+00:00,Playtime,Combat,combat,1918,31m 58s,TimeSeconds,rounds_played,Combat,combat,22,22,Number,Rounds Won,Combat,combat,13,13,Number,Rounds Lost,Combat,combat,9,9,Number,Rounds Disconnected,Combat,combat,0,0,Number,placement,Combat,combat,9,9,Number,Score,Combat,combat,3394,"3,394",Number,Kills,Combat,combat,13,13,Number,Deaths,Combat,combat,16,16,Number,Assists,Combat,combat,4,4,Number,damage,Combat,combat,2232,"2,232",Number,Damaged Received,Combat,combat,3088,"3,088",Number,Headshots,Combat,combat,8,8,Number,kills,Combat,combat,11,11,Number,kills,Combat,combat,11,11,Number,kills,Combat,combat,26,26,Number,Ultimate Casts,Combat,combat,2,2,Number,Dealt Headshots,Combat,combat,8,8,Number,Dealt Bodyshots,Combat,combat,33,33,Number,Dealt Legshots,Combat,combat,3,3,Number,Econ Rating,Combat,combat,44,44,Number,Suicides,Combat,combat,0,0,Number,revived,Combat,combat,1,1,Number,First Bloods,Combat,combat,3,3,Number,First Deaths,Combat,combat,3,3,Number,Last Deaths,Combat,combat,1,1,Number,Survived,Combat,combat,6,6,Number,Traded,Combat,combat,2,2,Number,Kasted,Combat,combat,,,Number,KAST,Combat,combat,68,68.0%,NumberPercentage,Flawless,Combat,combat,0,0,Number,Thrifty,Combat,combat,0,0,Number,Anti-Eco,Combat,combat,,,Number,Total Thrifty,Combat,combat,,,Number,Total Anti-Eco,Combat,combat,,,Number,Man Advantage,Combat,combat,,,Number,Man Disadvantage,Combat,combat,,,Number,Aces,Combat,combat,0,0,Number,Team Aces,Combat,combat,0,0,Number,Clutches,Combat,combat,,,Number,Clutches Lost,Combat,combat,1,1,Number,Plants,Combat,combat,0,0,Number,Defuses,Combat,combat,0,0,Number,K/D Ratio,0.8125,0.8,NumberPrecision1,Avg. Score,154.272727272727,154,Number,Dmg/Round,101.454545454545,101,Number,Headshot%,18.1818181818182,18,Number,Damage Delta Δ,-856,-856,Number,DDΔ/Round,-38.9090909090909,-39,Number,Rating,mmr,https://trackercdn.com/cdn/tracker.gg/valorant/icons/tiersv2/14.png,Gold 3,,,String,Performance Score,roundsWinPct,kAST,scorePerRound,damageDeltaPerRound,406,406,Number,,0001-01-01T00:00:00+00:00,,,,,,,,,,,,,,,,,,,,,,,,,,,,,,
69d5fdcc-4cad-40b6-b4ba-8bd9421820ab,/Game/Maps/Pitt/Pitt,/Game/GameModes/Bomb/BombGameMode.BombGameMode_C,3ea2b318-423b-cf86-25da-7cbb0eefbe2d,bomb,Competitive,https://trackercdn.com/cdn/tracker.gg/valorant/icons/modes/normal.png,25,true,2026-02-25T05:54:54.152+00:00,victory,fd267378-4d1d-484f-ff52-77821ed10dc2,Pearl,https://trackercdn.com/cdn/tracker.gg/valorant/db/maps/7.04/pearl.jpg,V26: A1,overview,riot,BRT CauliDerp#ecchi,BRT CauliDerp#ecchi,true,victory,41fb69c1-4189-7b37-f117-bcaf1e96f1bf,Astra,#5503d9,https://titles.trackercdn.com/valorant-api/agents/41fb69c1-4189-7b37-f117-bcaf1e96f1bf/displayicon.png,clutch1v2,1v2 Clutch,Won a 1v2 clutch,Positive,950,1,0001-01-01T00:00:00+00:00,Playtime,Combat,combat,2696,44m 56s,TimeSeconds,rounds_played,Combat,combat,26,26,Number,Rounds Won,Combat,combat,14,14,Number,Rounds Lost,Combat,combat,12,12,Number,Rounds Disconnected,Combat,combat,0,0,Number,placement,Combat,combat,10,10,Number,Score,Combat,combat,3338,"3,338",Number,Kills,Combat,combat,11,11,Number,Deaths,Combat,combat,16,16,Number,Assists,Combat,combat,6,6,Number,damage,Combat,combat,2083,"2,083",Number,Damaged Received,Combat,combat,3139,"3,139",Number,Headshots,Combat,combat,4,4,Number,kills,Combat,combat,9,9,Number,kills,Combat,combat,4,4,Number,kills,Combat,combat,40,40,Number,Ultimate Casts,Combat,combat,2,2,Number,Dealt Headshots,Combat,combat,4,4,Number,Dealt Bodyshots,Combat,combat,32,32,Number,Dealt Legshots,Combat,combat,5,5,Number,Econ Rating,Combat,combat,30,30,Number,Suicides,Combat,combat,0,0,Number,revived,Combat,combat,0,0,Number,First Bloods,Combat,combat,0,0,Number,First Deaths,Combat,combat,2,2,Number,Last Deaths,Combat,combat,4,4,Number,Survived,Combat,combat,10,10,Number,Traded,Combat,combat,1,1,Number,Kasted,Combat,combat,,,Number,KAST,Combat,combat,62,62.0%,NumberPercentage,Flawless,Combat,combat,1,1,Number,Thrifty,Combat,combat,0,0,Number,Anti-Eco,Combat,combat,,,Number,Total Thrifty,Combat,combat,,,Number,Total Anti-Eco,Combat,combat,,,Number,Man Advantage,Combat,combat,,,Number,Man Disadvantage,Combat,combat,,,Number,Aces,Combat,combat,0,0,Number,Team Aces,Combat,combat,0,0,Number,Clutches,Combat,combat,1,1,Number,Clutches Lost,Combat,combat,4,4,Number,Plants,Combat,combat,0,0,Number,Defuses,Combat,combat,1,1,Number,K/D Ratio,0.6875,0.7,NumberPrecision1,Avg. Score,128.384615384615,128,Number,Dmg/Round,80.1153846153846,80,Number,Headshot%,9.75609756097561,10,Number,Damage Delta Δ,-1056,"-1,056",Number,DDΔ/Round,-40.6153846153846,-41,Number,Rating,mmr,https://trackercdn.com/cdn/tracker.gg/valorant/icons/tiersv2/14.png,Gold 3,,,String,Performance Score,roundsWinPct,kAST,scorePerRound,damageDeltaPerRound,289,289,Number,,0001-01-01T00:00:00+00:00,,,,,,,,,,,,,,,,,,,,,,,,,,,,,,
8a0112b6-5d2f-4ddd-bbf9-9c0403f4d996,/Game/Maps/Infinity/Infinity,/Game/GameModes/Bomb/BombGameMode.BombGameMode_C,3ea2b318-423b-cf86-25da-7cbb0eefbe2d,bomb,Competitive,https://trackercdn.com/cdn/tracker.gg/valorant/icons/modes/normal.png,25,true,2026-02-25T05:23:58.446+00:00,defeat,224b0a95-48b9-f703-1bd8-67aca101a61f,Abyss,https://trackercdn.com/cdn/tracker.gg/valorant/db/maps/9.0/abyss.jpg,V26: A1,overview,riot,BRT CauliDerp#ecchi,BRT CauliDerp#ecchi,false,defeat,7f94d92c-4234-0a36-9646-3a87eb8b5c89,Yoru,#414e94,https://titles.trackercdn.com/valorant-api/agents/7f94d92c-4234-0a36-9646-3a87eb8b5c89/displayicon.png,kills3k,3k,Killed 3 enemies in one round,Positive,910,1,0001-01-01T00:00:00+00:00,Playtime,Combat,combat,1685,28m 05s,TimeSeconds,rounds_played,Combat,combat,18,18,Number,Rounds Won,Combat,combat,5,5,Number,Rounds Lost,Combat,combat,13,13,Number,Rounds Disconnected,Combat,combat,0,0,Number,placement,Combat,combat,4,4,Number,Score,Combat,combat,3810,"3,810",Number,Kills,Combat,combat,13,13,Number,Deaths,Combat,combat,16,16,Number,Assists,Combat,combat,5,5,Number,damage,Combat,combat,2571,"2,571",Number,Damaged Received,Combat,combat,3125,"3,125",Number,Headshots,Combat,combat,6,6,Number,kills,Combat,combat,11,11,Number,kills,Combat,combat,12,12,Number,kills,Combat,combat,23,23,Number,Ultimate Casts,Combat,combat,1,1,Number,Dealt Headshots,Combat,combat,9,9,Number,Dealt Bodyshots,Combat,combat,35,35,Number,Dealt Legshots,Combat,combat,5,5,Number,Econ Rating,Combat,combat,61,61,Number,Suicides,Combat,combat,0,0,Number,revived,Combat,combat,1,1,Number,First Bloods,Combat,combat,2,2,Number,First Deaths,Combat,combat,3,3,Number,Last Deaths,Combat,combat,3,3,Number,Survived,Combat,combat,2,2,Number,Traded,Combat,combat,5,5,Number,Kasted,Combat,combat,,,Number,KAST,Combat,combat,67,67.0%,NumberPercentage,Flawless,Combat,combat,0,0,Number,Thrifty,Combat,combat,0,0,Number,Anti-Eco,Combat,combat,,,Number,Total Thrifty,Combat,combat,,,Number,Total Anti-Eco,Combat,combat,,,Number,Man Advantage,Combat,combat,,,Number,Man Disadvantage,Combat,combat,,,Number,Aces,Combat,combat,0,0,Number,Team Aces,Combat,combat,0,0,Number,Clutches,Combat,combat,1,1,Number,Clutches Lost,Combat,combat,3,3,Number,Plants,Combat,combat,0,0,Number,Defuses,Combat,combat,1,1,Number,K/D Ratio,0.8125,0.8,NumberPrecision1,Avg. Score,211.666666666667,212,Number,Dmg/Round,142.833333333333,143,Number,Headshot%,18.3673469387755,18,Number,Damage Delta Δ,-554,-554,Number,DDΔ/Round,-30.7777777777778,-31,Number,Rating,mmr,https://trackercdn.com/cdn/tracker.gg/valorant/icons/tiersv2/14.png,Gold 3,,,String,Performance Score,roundsWinPct,kAST,scorePerRound,damageDeltaPerRound,374,374,Number,,0001-01-01T00:00:00+00:00,clutchLost1v1,1v1 Lost,Lost a 1v1 clutch,Negative,900,1,,,,,,,,,,,,,,,,,,,,,,,,
645b271c-edec-45fb-9c3e-15216d049c44,/Game/Maps/Foxtrot/Foxtrot,/Game/GameModes/Bomb/BombGameMode.BombGameMode_C,3ea2b318-423b-cf86-25da-7cbb0eefbe2d,bomb,Competitive,https://trackercdn.com/cdn/tracker.gg/valorant/icons/modes/normal.png,25,true,2026-02-25T04:28:35.857+00:00,tied,2fb9a4fd-47b8-4e7d-a969-74b4046ebd53,Breeze,https://trackercdn.com/cdn/tracker.gg/valorant/db/maps/7.04/breeze.jpg,V26: A1,overview,riot,BRT CauliDerp#ecchi,BRT CauliDerp#ecchi,false,tied,9f0d8ba9-4140-b941-57d3-a7ad57c6b417,Brimstone,#FECC26,https://titles.trackercdn.com/valorant-api/agents/9f0d8ba9-4140-b941-57d3-a7ad57c6b417/displayicon.png,clutch1v2,1v2 Clutch,Won a 1v2 clutch,Positive,950,1,0001-01-01T00:00:00+00:00,Playtime,Combat,combat,2969,49m 29s,TimeSeconds,rounds_played,Combat,combat,28,28,Number,Rounds Won,Combat,combat,14,14,Number,Rounds Lost,Combat,combat,14,14,Number,Rounds Disconnected,Combat,combat,0,0,Number,placement,Combat,combat,5,5,Number,Score,Combat,combat,6979,"6,979",Number,Kills,Combat,combat,22,22,Number,Deaths,Combat,combat,23,23,Number,Assists,Combat,combat,9,9,Number,damage,Combat,combat,4764,"4,764",Number,Damaged Received,Combat,combat,4292,"4,292",Number,Headshots,Combat,combat,17,17,Number,kills,Combat,combat,7,7,Number,kills,Combat,combat,12,12,Number,kills,Combat,combat,38,38,Number,Ultimate Casts,Combat,combat,4,4,Number,Dealt Headshots,Combat,combat,18,18,Number,Dealt Bodyshots,Combat,combat,48,48,Number,Dealt Legshots,Combat,combat,5,5,Number,Econ Rating,Combat,combat,65,65,Number,Suicides,Combat,combat,0,0,Number,revived,Combat,combat,1,1,Number,First Bloods,Combat,combat,1,1,Number,First Deaths,Combat,combat,7,7,Number,Last Deaths,Combat,combat,5,5,Number,Survived,Combat,combat,5,5,Number,Traded,Combat,combat,2,2,Number,Kasted,Combat,combat,,,Number,KAST,Combat,combat,71,71.0%,NumberPercentage,Flawless,Combat,combat,0,0,Number,Thrifty,Combat,combat,0,0,Number,Anti-Eco,Combat,combat,,,Number,Total Thrifty,Combat,combat,,,Number,Total Anti-Eco,Combat,combat,,,Number,Man Advantage,Combat,combat,,,Number,Man Disadvantage,Combat,combat,,,Number,Aces,Combat,combat,0,0,Number,Team Aces,Combat,combat,0,0,Number,Clutches,Combat,combat,1,1,Number,Clutches Lost,Combat,combat,4,4,Number,Plants,Combat,combat,1,1,Number,Defuses,Combat,combat,0,0,Number,K/D Ratio,0.956521739130435,1.0,NumberPrecision1,Avg. Score,249.25,249,Number,Dmg/Round,170.142857142857,170,Number,Headshot%,25.3521126760563,25,Number,Damage Delta Δ,472,472,Number,DDΔ/Round,16.8571428571429,17,Number,Rating,mmr,https://trackercdn.com/cdn/tracker.gg/valorant/icons/tiersv2/14.png,Gold 3,,,String,Performance Score,roundsWinPct,kAST,scorePerRound,damageDeltaPerRound,660,660,Number,,0001-01-01T00:00:00+00:00,kills3k,3k,Killed 3 enemies in one round,Positive,910,1,clutchLost1v1,1v1 Lost,Lost a 1v1 clutch,Negative,900,1,,,,,,,,,,,,,,,,,,
cfa79ca7-dbe3-4808-a092-e7435b07cf2b,/Game/Maps/Infinity/Infinity,/Game/GameModes/Bomb/BombGameMode.BombGameMode_C,3ea2b318-423b-cf86-25da-7cbb0eefbe2d,bomb,Competitive,https://trackercdn.com/cdn/tracker.gg/valorant/icons/modes/normal.png,25,true,2026-02-18T12:20:49.398+00:00,victory,224b0a95-48b9-f703-1bd8-67aca101a61f,Abyss,https://trackercdn.com/cdn/tracker.gg/valorant/db/maps/9.0/abyss.jpg,V26: A1,overview,riot,BRT CauliDerp#ecchi,BRT CauliDerp#ecchi,true,victory,efba5359-4016-a1e5-7626-b1ae76895940,Vyse,#4D07DE,https://titles.trackercdn.com/valorant-api/agents/efba5359-4016-a1e5-7626-b1ae76895940/displayicon.png,clutch1v2,1v2 Clutch,Won a 1v2 clutch,Positive,950,1,0001-01-01T00:00:00+00:00,Playtime,Combat,combat,2001,33m 21s,TimeSeconds,rounds_played,Combat,combat,18,18,Number,Rounds Won,Combat,combat,13,13,Number,Rounds Lost,Combat,combat,5,5,Number,Rounds Disconnected,Combat,combat,0,0,Number,placement,Combat,combat,1,1,Number,Score,Combat,combat,5598,"5,598",Number,Kills,Combat,combat,20,20,Number,Deaths,Combat,combat,12,12,Number,Assists,Combat,combat,4,4,Number,damage,Combat,combat,3360,"3,360",Number,Damaged Received,Combat,combat,2153,"2,153",Number,Headshots,Combat,combat,8,8,Number,kills,Combat,combat,17,17,Number,kills,Combat,combat,18,18,Number,kills,Combat,combat,14,14,Number,Ultimate Casts,Combat,combat,3,3,Number,Dealt Headshots,Combat,combat,8,8,Number,Dealt Bodyshots,Combat,combat,36,36,Number,Dealt Legshots,Combat,combat,4,4,Number,Econ Rating,Combat,combat,68,68,Number,Suicides,Combat,combat,0,0,Number,revived,Combat,combat,0,0,Number,First Bloods,Combat,combat,4,4,Number,First Deaths,Combat,combat,1,1,Number,Last Deaths,Combat,combat,3,3,Number,Survived,Combat,combat,6,6,Number,Traded,Combat,combat,1,1,Number,Kasted,Combat,combat,,,Number,KAST,Combat,combat,72,72.0%,NumberPercentage,Flawless,Combat,combat,2,2,Number,Thrifty,Combat,combat,0,0,Number,Anti-Eco,Combat,combat,,,Number,Total Thrifty,Combat,combat,,,Number,Total Anti-Eco,Combat,combat,,,Number,Man Advantage,Combat,combat,,,Number,Man Disadvantage,Combat,combat,,,Number,Aces,Combat,combat,0,0,Number,Team Aces,Combat,combat,0,0,Number,Clutches,Combat,combat,1,1,Number,Clutches Lost,Combat,combat,3,3,Number,Plants,Combat,combat,0,0,Number,Defuses,Combat,combat,1,1,Number,K/D Ratio,1.66666666666667,1.7,NumberPrecision1,Avg. Score,311,311,Number,Dmg/Round,186.666666666667,187,Number,Headshot%,16.6666666666667,17,Number,Damage Delta Δ,1207,"1,207",Number,DDΔ/Round,67.0555555555556,67,Number,Rating,mmr,https://trackercdn.com/cdn/tracker.gg/valorant/icons/tiersv2/13.png,Gold 2,,,String,Performance Score,roundsWinPct,kAST,scorePerRound,damageDeltaPerRound,834,834,Number,,0001-01-01T00:00:00+00:00,kills3k,3k,Killed 3 enemies in one round,Positive,910,2,,,,,,,,,,,,,,,,,,,,,,,,
cb0dd8b4-a83a-40b1-93c4-b4d2fb0f1805,/Game/Maps/Bonsai/Bonsai,/Game/GameModes/Bomb/BombGameMode.BombGameMode_C,3ea2b318-423b-cf86-25da-7cbb0eefbe2d,bomb,Competitive,https://trackercdn.com/cdn/tracker.gg/valorant/icons/modes/normal.png,25,true,2026-02-18T11:48:11.783+00:00,victory,d960549e-485c-e861-8d71-aa9d1aed12a2,Split,https://trackercdn.com/cdn/tracker.gg/valorant/db/maps/7.04/split.jpg,V26: A1,overview,riot,BRT CauliDerp#ecchi,BRT CauliDerp#ecchi,true,victory,9f0d8ba9-4140-b941-57d3-a7ad57c6b417,Brimstone,#FECC26,https://titles.trackercdn.com/valorant-api/agents/9f0d8ba9-4140-b941-57d3-a7ad57c6b417/displayicon.png,highKast,High KAST,Have a high KAST%,Positive,930,1,0001-01-01T00:00:00+00:00,Playtime,Combat,combat,1712,28m 32s,TimeSeconds,rounds_played,Combat,combat,17,17,Number,Rounds Won,Combat,combat,13,13,Number,Rounds Lost,Combat,combat,4,4,Number,Rounds Disconnected,Combat,combat,0,0,Number,placement,Combat,combat,3,3,Number,Score,Combat,combat,4073,"4,073",Number,Kills,Combat,combat,13,13,Number,Deaths,Combat,combat,11,11,Number,Assists,Combat,combat,12,12,Number,damage,Combat,combat,2553,"2,553",Number,Damaged Received,Combat,combat,2106,"2,106",Number,Headshots,Combat,combat,5,5,Number,kills,Combat,combat,10,10,Number,kills,Combat,combat,11,11,Number,kills,Combat,combat,34,34,Number,Ultimate Casts,Combat,combat,2,2,Number,Dealt Headshots,Combat,combat,5,5,Number,Dealt Bodyshots,Combat,combat,49,49,Number,Dealt Legshots,Combat,combat,9,9,Number,Econ Rating,Combat,combat,75,75,Number,Suicides,Combat,combat,0,0,Number,revived,Combat,combat,0,0,Number,First Bloods,Combat,combat,2,2,Number,First Deaths,Combat,combat,1,1,Number,Last Deaths,Combat,combat,0,0,Number,Survived,Combat,combat,7,7,Number,Traded,Combat,combat,3,3,Number,Kasted,Combat,combat,,,Number,KAST,Combat,combat,88,88.0%,NumberPercentage,Flawless,Combat,combat,1,1,Number,Thrifty,Combat,combat,1,1,Number,Anti-Eco,Combat,combat,,,Number,Total Thrifty,Combat,combat,,,Number,Total Anti-Eco,Combat,combat,,,Number,Man Advantage,Combat,combat,,,Number,Man Disadvantage,Combat,combat,,,Number,Aces,Combat,combat,0,0,Number,Team Aces,Combat,combat,0,0,Number,Clutches,Combat,combat,,,Number,Clutches Lost,Combat,combat,,,Number,Plants,Combat,combat,1,1,Number,Defuses,Combat,combat,1,1,Number,K/D Ratio,1.18181818181818,1.2,NumberPrecision1,Avg. Score,239.588235294118,240,Number,Dmg/Round,150.176470588235,150,Number,Headshot%,7.93650793650794,8,Number,Damage Delta Δ,447,447,Number,DDΔ/Round,26.2941176470588,26,Number,Rating,mmr,https://trackercdn.com/cdn/tracker.gg/valorant/icons/tiersv2/13.png,Gold 2,,,String,Performance Score,roundsWinPct,kAST,scorePerRound,damageDeltaPerRound,837,837,Number,,0001-01-01T00:00:00+00:00,kills3k,3k,Killed 3 enemies in one round,Positive,910,2,,,,,,,,,,,,,,,,,,,,,,,,
02ae59b6-ae06-4388-9afc-f953bd6cc514,/Game/Maps/Pitt/Pitt,/Game/GameModes/Bomb/BombGameMode.BombGameMode_C,3ea2b318-423b-cf86-25da-7cbb0eefbe2d,bomb,Competitive,https://trackercdn.com/cdn/tracker.gg/valorant/icons/modes/normal.png,25,true,2026-02-18T11:00:14.237+00:00,defeat,fd267378-4d1d-484f-ff52-77821ed10dc2,Pearl,https://trackercdn.com/cdn/tracker.gg/valorant/db/maps/7.04/pearl.jpg,V26: A1,overview,riot,BRT CauliDerp#ecchi,BRT CauliDerp#ecchi,false,defeat,41fb69c1-4189-7b37-f117-bcaf1e96f1bf,Astra,#5503d9,https://titles.trackercdn.com/valorant-api/agents/41fb69c1-4189-7b37-f117-bcaf1e96f1bf/displayicon.png,clutch1v2,1v2 Clutch,Won a 1v2 clutch,Positive,950,1,0001-01-01T00:00:00+00:00,Playtime,Combat,combat,1794,29m 54s,TimeSeconds,rounds_played,Combat,combat,16,16,Number,Rounds Won,Combat,combat,3,3,Number,Rounds Lost,Combat,combat,13,13,Number,Rounds Disconnected,Combat,combat,0,0,Number,placement,Combat,combat,9,9,Number,Score,Combat,combat,1559,"1,559",Number,Kills,Combat,combat,5,5,Number,Deaths,Combat,combat,14,14,Number,Assists,Combat,combat,3,3,Number,damage,Combat,combat,1220,"1,220",Number,Damaged Received,Combat,combat,2582,"2,582",Number,Headshots,Combat,combat,3,3,Number,kills,Combat,combat,6,6,Number,kills,Combat,combat,4,4,Number,kills,Combat,combat,20,20,Number,Ultimate Casts,Combat,combat,1,1,Number,Dealt Headshots,Combat,combat,5,5,Number,Dealt Bodyshots,Combat,combat,20,20,Number,Dealt Legshots,Combat,combat,4,4,Number,Econ Rating,Combat,combat,36,36,Number,Suicides,Combat,combat,0,0,Number,revived,Combat,combat,0,0,Number,First Bloods,Combat,combat,0,0,Number,First Deaths,Combat,combat,1,1,Number,Last Deaths,Combat,combat,3,3,Number,Survived,Combat,combat,2,2,Number,Traded,Combat,combat,1,1,Number,Kasted,Combat,combat,,,Number,KAST,Combat,combat,50,50.0%,NumberPercentage,Flawless,Combat,combat,0,0,Number,Thrifty,Combat,combat,0,0,Number,Anti-Eco,Combat,combat,,,Number,Total Thrifty,Combat,combat,,,Number,Total Anti-Eco,Combat,combat,,,Number,Man Advantage,Combat,combat,,,Number,Man Disadvantage,Combat,combat,,,Number,Aces,Combat,combat,0,0,Number,Team Aces,Combat,combat,0,0,Number,Clutches,Combat,combat,1,1,Number,Clutches Lost,Combat,combat,1,1,Number,Plants,Combat,combat,0,0,Number,Defuses,Combat,combat,1,1,Number,K/D Ratio,0.357142857142857,0.4,NumberPrecision1,Avg. Score,97.4375,97,Number,Dmg/Round,76.25,76,Number,Headshot%,17.2413793103448,17,Number,Damage Delta Δ,-1362,"-1,362",Number,DDΔ/Round,-85.125,-85,Number,Rating,mmr,https://trackercdn.com/cdn/tracker.gg/valorant/icons/tiersv2/13.png,Gold 2,,,String,Performance Score,roundsWinPct,kAST,scorePerRound,damageDeltaPerRound,100,100,Number,,0001-01-01T00:00:00+00:00,,,,,,,,,,,,,,,,,,,,,,,,,,,,,,
3952779b-b2ea-4ba8-965e-8e462ba07aee,/Game/Maps/Triad/Triad,/Game/GameModes/Bomb/BombGameMode.BombGameMode_C,3ea2b318-423b-cf86-25da-7cbb0eefbe2d,bomb,Competitive,https://trackercdn.com/cdn/tracker.gg/valorant/icons/modes/normal.png,25,true,2026-02-18T10:20:47.534+00:00,defeat,2bee0dc9-4ffe-519b-1cbd-7fbe763a6047,Haven,https://trackercdn.com/cdn/tracker.gg/valorant/db/maps/7.04/haven.jpg,V26: A1,overview,riot,BRT CauliDerp#ecchi,BRT CauliDerp#ecchi,false,defeat,8e253930-4c05-31dd-1b6c-968525494517,Omen,#8980EB,https://titles.trackercdn.com/valorant-api/agents/8e253930-4c05-31dd-1b6c-968525494517/displayicon.png,kills3k,3k,Killed 3 enemies in one round,Positive,910,3,0001-01-01T00:00:00+00:00,Playtime,Combat,combat,2022,33m 42s,TimeSeconds,rounds_played,Combat,combat,19,19,Number,Rounds Won,Combat,combat,6,6,Number,Rounds Lost,Combat,combat,13,13,Number,Rounds Disconnected,Combat,combat,0,0,Number,placement,Combat,combat,1,1,Number,Score,Combat,combat,5673,"5,673",Number,Kills,Combat,combat,20,20,Number,Deaths,Combat,combat,16,16,Number,Assists,Combat,combat,3,3,Number,damage,Combat,combat,3394,"3,394",Number,Damaged Received,Combat,combat,2917,"2,917",Number,Headshots,Combat,combat,9,9,Number,kills,Combat,combat,13,13,Number,kills,Combat,combat,4,4,Number,kills,Combat,combat,26,26,Number,Ultimate Casts,Combat,combat,1,1,Number,Dealt Headshots,Combat,combat,11,11,Number,Dealt Bodyshots,Combat,combat,52,52,Number,Dealt Legshots,Combat,combat,0,0,Number,Econ Rating,Combat,combat,59,59,Number,Suicides,Combat,combat,0,0,Number,revived,Combat,combat,0,0,Number,First Bloods,Combat,combat,3,3,Number,First Deaths,Combat,combat,1,1,Number,Last Deaths,Combat,combat,2,2,Number,Survived,Combat,combat,3,3,Number,Traded,Combat,combat,2,2,Number,Kasted,Combat,combat,,,Number,KAST,Combat,combat,74,74.0%,NumberPercentage,Flawless,Combat,combat,0,0,Number,Thrifty,Combat,combat,0,0,Number,Anti-Eco,Combat,combat,,,Number,Total Thrifty,Combat,combat,,,Number,Total Anti-Eco,Combat,combat,,,Number,Man Advantage,Combat,combat,,,Number,Man Disadvantage,Combat,combat,,,Number,Aces,Combat,combat,0,0,Number,Team Aces,Combat,combat,1,1,Number,Clutches,Combat,combat,,,Number,Clutches Lost,Combat,combat,2,2,Number,Plants,Combat,combat,3,3,Number,Defuses,Combat,combat,0,0,Number,K/D Ratio,1.25,1.2,NumberPrecision1,Avg. Score,298.578947368421,299,Number,Dmg/Round,178.631578947368,179,Number,Headshot%,17.4603174603175,17,Number,Damage Delta Δ,477,477,Number,DDΔ/Round,25.1052631578947,25,Number,Rating,mmr,https://trackercdn.com/cdn/tracker.gg/valorant/icons/tiersv2/13.png,Gold 2,,,String,Performance Score,roundsWinPct,kAST,scorePerRound,damageDeltaPerRound,669,669,Number,,0001-01-01T00:00:00+00:00,,,,,,,,,,,,,,,,,,,,,,,,,,,,,,
1a153cf6-2170-4604-af93-e9d6cf90efdd,/Game/Maps/Pitt/Pitt,/Game/GameModes/Bomb/BombGameMode.BombGameMode_C,3ea2b318-423b-cf86-25da-7cbb0eefbe2d,bomb,Competitive,https://trackercdn.com/cdn/tracker.gg/valorant/icons/modes/normal.png,25,true,2026-02-16T15:41:45.643+00:00,victory,fd267378-4d1d-484f-ff52-77821ed10dc2,Pearl,https://trackercdn.com/cdn/tracker.gg/valorant/db/maps/7.04/pearl.jpg,V26: A1,overview,riot,BRT CauliDerp#ecchi,BRT CauliDerp#ecchi,true,victory,41fb69c1-4189-7b37-f117-bcaf1e96f1bf,Astra,#5503d9,https://titles.trackercdn.com/valorant-api/agents/41fb69c1-4189-7b37-f117-bcaf1e96f1bf/displayicon.png,kills4k,4k,Killed 4 enemies in one round,Positive,940,1,0001-01-01T00:00:00+00:00,Playtime,Combat,combat,2337,38m 57s,TimeSeconds,rounds_played,Combat,combat,22,22,Number,Rounds Won,Combat,combat,13,13,Number,Rounds Lost,Combat,combat,9,9,Number,Rounds Disconnected,Combat,combat,0,0,Number,placement,Combat,combat,3,3,Number,Score,Combat,combat,6249,"6,249",Number,Kills,Combat,combat,24,24,Number,Deaths,Combat,combat,12,12,Number,Assists,Combat,combat,7,7,Number,damage,Combat,combat,3926,"3,926",Number,Damaged Received,Combat,combat,2018,"2,018",Number,Headshots,Combat,combat,7,7,Number,kills,Combat,combat,4,4,Number,kills,Combat,combat,10,10,Number,kills,Combat,combat,30,30,Number,Ultimate Casts,Combat,combat,3,3,Number,Dealt Headshots,Combat,combat,7,7,Number,Dealt Bodyshots,Combat,combat,67,67,Number,Dealt Legshots,Combat,combat,8,8,Number,Econ Rating,Combat,combat,81,81,Number,Suicides,Combat,combat,0,0,Number,revived,Combat,combat,0,0,Number,First Bloods,Combat,combat,1,1,Number,First Deaths,Combat,combat,0,0,Number,Last Deaths,Combat,combat,5,5,Number,Survived,Combat,combat,10,10,Number,Traded,Combat,combat,1,1,Number,Kasted,Combat,combat,,,Number,KAST,Combat,combat,82,82.0%,NumberPercentage,Flawless,Combat,combat,2,2,Number,Thrifty,Combat,combat,0,0,Number,Anti-Eco,Combat,combat,,,Number,Total Thrifty,Combat,combat,,,Number,Total Anti-Eco,Combat,combat,,,Number,Man Advantage,Combat,combat,,,Number,Man Disadvantage,Combat,combat,,,Number,Aces,Combat,combat,0,0,Number,Team Aces,Combat,combat,0,0,Number,Clutches,Combat,combat,1,1,Number,Clutches Lost,Combat,combat,5,5,Number,Plants,Combat,combat,2,2,Number,Defuses,Combat,combat,0,0,Number,K/D Ratio,2,2.0,NumberPrecision1,Avg. Score,284.045454545455,284,Number,Dmg/Round,178.454545454545,178,Number,Headshot%,8.53658536585366,9,Number,Damage Delta Δ,1908,"1,908",Number,DDΔ/Round,86.7272727272727,87,Number,Rating,mmr,https://trackercdn.com/cdn/tracker.gg/valorant/icons/tiersv2/13.png,Gold 2,,,String,Performance Score,roundsWinPct,kAST,scorePerRound,damageDeltaPerRound,913,913,Number,,0001-01-01T00:00:00+00:00,clutch1v1,1v1 Clutch,Won a 1v1 clutch,Positive,920,1,kills3k,3k,Killed 3 enemies in one round,Positive,910,2,,,,,,,,,,,,,,,,,,
714340c4-1512-4d59-93ce-0c5ae63f3dde,/Game/Maps/Infinity/Infinity,/Game/GameModes/Bomb/BombGameMode.BombGameMode_C,3ea2b318-423b-cf86-25da-7cbb0eefbe2d,bomb,Competitive,https://trackercdn.com/cdn/tracker.gg/valorant/icons/modes/normal.png,25,true,2026-02-16T15:02:12.067+00:00,defeat,224b0a95-48b9-f703-1bd8-67aca101a61f,Abyss,https://trackercdn.com/cdn/tracker.gg/valorant/db/maps/9.0/abyss.jpg,V26: A1,overview,riot,BRT CauliDerp#ecchi,BRT CauliDerp#ecchi,false,defeat,efba5359-4016-a1e5-7626-b1ae76895940,Vyse,#4D07DE,https://titles.trackercdn.com/valorant-api/agents/efba5359-4016-a1e5-7626-b1ae76895940/displayicon.png,kills6k,6k,Killed 6 enemies in one round,Positive,990,1,0001-01-01T00:00:00+00:00,Playtime,Combat,combat,2210,36m 50s,TimeSeconds,rounds_played,Combat,combat,22,22,Number,Rounds Won,Combat,combat,9,9,Number,Rounds Lost,Combat,combat,13,13,Number,Rounds Disconnected,Combat,combat,0,0,Number,placement,Combat,combat,1,1,Number,Score,Combat,combat,7824,"7,824",Number,Kills,Combat,combat,28,28,Number,Deaths,Combat,combat,15,15,Number,Assists,Combat,combat,2,2,Number,damage,Combat,combat,4696,"4,696",Number,Damaged Received,Combat,combat,2926,"2,926",Number,Headshots,Combat,combat,12,12,Number,kills,Combat,combat,20,20,Number,kills,Combat,combat,19,19,Number,kills,Combat,combat,11,11,Number,Ultimate Casts,Combat,combat,3,3,Number,Dealt Headshots,Combat,combat,14,14,Number,Dealt Bodyshots,Combat,combat,48,48,Number,Dealt Legshots,Combat,combat,5,5,Number,Econ Rating,Combat,combat,83,83,Number,Suicides,Combat,combat,0,0,Number,revived,Combat,combat,1,1,Number,First Bloods,Combat,combat,4,4,Number,First Deaths,Combat,combat,3,3,Number,Last Deaths,Combat,combat,3,3,Number,Survived,Combat,combat,7,7,Number,Traded,Combat,combat,4,4,Number,Kasted,Combat,combat,,,Number,KAST,Combat,combat,91,91.0%,NumberPercentage,Flawless,Combat,combat,0,0,Number,Thrifty,Combat,combat,0,0,Number,Anti-Eco,Combat,combat,,,Number,Total Thrifty,Combat,combat,,,Number,Total Anti-Eco,Combat,combat,,,Number,Man Advantage,Combat,combat,,,Number,Man Disadvantage,Combat,combat,,,Number,Aces,Combat,combat,0,0,Number,Team Aces,Combat,combat,0,0,Number,Clutches,Combat,combat,1,1,Number,Clutches Lost,Combat,combat,4,4,Number,Plants,Combat,combat,0,0,Number,Defuses,Combat,combat,2,2,Number,K/D Ratio,1.86666666666667,1.9,NumberPrecision1,Avg. Score,355.636363636364,356,Number,Dmg/Round,213.454545454545,213,Number,Headshot%,20.8955223880597,21,Number,Damage Delta Δ,1770,"1,770",Number,DDΔ/Round,80.4545454545455,80,Number,Rating,mmr,https://trackercdn.com/cdn/tracker.gg/valorant/icons/tiersv2/13.png,Gold 2,,,String,Performance Score,roundsWinPct,kAST,scorePerRound,damageDeltaPerRound,905,905,Number,,0001-01-01T00:00:00+00:00,kills4k,4k,Killed 4 enemies in one round,Positive,940,1,highKast,High KAST,Have a high KAST%,Positive,930,1,clutch1v1,1v1 Clutch,Won a 1v1 clutch,Positive,920,1,kills3k,3k,Killed 3 enemies in one round,Positive,910,1,clutchLost1v1,1v1 Lost,Lost a 1v1 clutch,Negative,900,1
