Match ID,Season,Current Rank,Map,Agent,Performance,Kills,Deaths,Assists,K/D,Damage Delta/Round,Kills/Round,Average Damage/Round,Econ Rating,First Kills,First Deaths,Entry Success Rate,Headshot Accuracy,Kills/Assists/Survived/Traded,Round Win %,TRN Score,Time Category,Day of Week,Result
0055ba6f-baab-4b85-9236-af1284e373c0,V26: A3,Platinum 2,Split,Vyse,6,16,18,4,0.9,-18,0.7,114.9,46,3,3,0.5,0.159,0.54,0.458,351,Night,Saturday,defeat
02ae59b6-ae06-4388-9afc-f953bd6cc514,V26: A1,Gold 2,Pearl,Astra,9,5,14,3,0.4,-85,0.3,76.2,36,0,1,0,0.172,0.5,0.188,100,Night,Wednesday,defeat
0a0ec9d3-b1fb-4cce-95ab-b787d1590c11,V26: A1,Gold 2,Pearl,Gekko,10,7,17,5,0.4,-60,0.3,68.3,28,3,1,0.75,0.121,0.59,0.409,172,Morning,Sunday,defeat
0a2bc01a-180f-428b-ad99-33504edcc891,V26: A1,Gold 2,Split,Omen,7,19,21,4,0.9,-1,0.7,120.4,50,4,2,0.667,0.348,0.68,0.5,507,Afternoon,Thursday,tied
0db767de-c9b3-4431-8b6f-e6a4a0301044,V26: A1,Gold 2,Corrode,Deadlock,7,17,17,3,1,-6,0.8,128.4,51,0,3,0,0.182,0.73,0.409,525,Afternoon,Thursday,defeat
11e72d4e-d6bc-4d0d-8888-25a4ed18dc27,V26: A3,Platinum 2,Haven,Brimstone,3,13,14,2,0.9,7,0.9,175.7,73,1,1,0.5,0.325,0.67,0.133,507,Afternoon,Monday,defeat
128a41b6-5d48-4acf-872c-d1404c9ee348,V26: A2,Unranked,Bind,Killjoy,2,17,4,2,4.2,104,1,152,89,1,1,0.5,0.17,1,0.765,943,Afternoon,Sunday,victory
129c5fac-94ff-4e55-8d5f-809b92659cdf,V26: A2,Platinum 1,Bind,Brimstone,1,21,12,8,1.8,91,1,217.8,108,6,1,0.857,0.231,0.81,0.619,928,Night,Friday,victory
176e9567-25e1-433b-be43-59464e07229b,V26: A3,Platinum 2,Split,Omen,8,9,17,12,0.5,-23,0.4,112.5,47,0,2,0,0.141,0.71,0.619,456,Afternoon,Monday,victory
1a153cf6-2170-4604-af93-e9d6cf90efdd,V26: A1,Gold 2,Pearl,Astra,3,24,12,7,2,87,1.1,178.4,81,1,0,1,0.085,0.82,0.591,913,Night,Monday,victory
1a18b6b4-5990-4f36-bb4a-7fe8dcc31d4e,V26: A1,Unranked,Corrode,Brimstone,7,13,17,14,0.8,-29,0.5,102.1,46,3,3,0.5,0.133,0.62,0.458,325,Night,Wednesday,defeat
1b389dca-7c0a-427c-a4ee-90966cb59df9,V26: A2,Platinum 2,Haven,Jett,3,20,18,8,1.1,8,0.8,167.8,57,2,4,0.333,0.124,0.75,0.458,673,Night,Friday,defeat
20a03bec-3724-49cc-9e61-d8fde5dd1dc5,V26: A3,Platinum 2,Split,Vyse,2,20,17,4,1.2,49,0.9,186.1,81,3,2,0.6,0.202,0.9,0.381,839,Afternoon,Saturday,defeat
285fe4ee-5962-452d-ba99-fb0e8eb911fc,V26: A1,Unranked,Bind,Deadlock,5,19,19,8,1,14,0.8,150.4,66,4,3,0.571,0.259,0.71,0.458,599,Afternoon,Thursday,defeat
2a10dc85-0a10-49a4-aa59-a6baf818c957,V26: A3,Platinum 2,Pearl,Jett,4,11,11,5,1,-12,0.7,114.2,51,2,3,0.4,0.121,0.71,0.765,523,Afternoon,Friday,victory
2a1f45c4-86d0-4506-ab9e-8a196156639f,V26: A3,Platinum 2,Fracture,Vyse,4,22,16,4,1.4,60,0.9,173.4,81,4,2,0.667,0.187,0.79,0.458,779,Afternoon,Friday,defeat
2e26c762-3b06-41a3-9ec9-965e05a47ef5,V26: A2,Platinum 2,Bind,Brimstone,6,13,16,6,0.8,2,0.7,151.3,61,2,3,0.4,0.185,0.63,0.316,431,Afternoon,Tuesday,defeat
34a412f5-449d-4a3f-8a21-19aa47d60387,V26: A3,Platinum 2,Breeze,Brimstone,1,18,13,9,1.4,23,0.9,150.2,60,1,2,0.333,0.333,0.79,0.316,688,Afternoon,Thursday,defeat
367b5de8-a7de-4170-83b8-0c04cb4afc30,V26: A1,Unranked,Corrode,Yoru,6,17,17,6,1,0,0.8,151.2,64,0,5,0,0.099,0.76,0.381,577,Night,Wednesday,defeat
3839d218-298d-4f18-a222-bc6b765d1826,V26: A2,Platinum 2,Breeze,Viper,5,13,13,8,1,19,0.7,143.4,75,3,2,0.6,0.237,0.95,0.684,777,Night,Monday,victory
3952779b-b2ea-4ba8-965e-8e462ba07aee,V26: A1,Gold 2,Haven,Omen,1,20,16,3,1.2,25,1.1,178.6,59,3,1,0.75,0.175,0.74,0.316,669,Night,Wednesday,defeat
3d3678da-b85d-4ceb-8e3d-51a5c863c1d2,V26: A1,Gold 3,Abyss,Yoru,7,15,18,5,0.8,-21,0.7,127.1,50,3,6,0.333,0.145,0.67,0.619,511,Night,Friday,victory
428971a8-690a-45ce-a568-28a1a2c450a6,V26: A2,Platinum 1,Haven,Omen,4,15,19,14,0.8,5,0.7,152.4,62,2,3,0.4,0.169,0.57,0.565,514,Night,Saturday,victory
44134d78-f8ce-47cd-8b5b-093a5ba9736f,V26: A1,Gold 3,Corrode,Phoenix,8,10,13,3,0.8,-39,0.6,109.8,46,1,4,0.2,0.269,0.5,0.188,192,Night,Tuesday,defeat
447d53da-c874-43bc-8b9d-67bff7535a43,V26: A2,Platinum 1,Breeze,Jett,1,20,15,4,1.3,39,1.1,193.8,81,5,4,0.556,0.148,0.89,0.684,930,Night,Tuesday,victory
46bfe6f6-b1a3-4b34-aca3-293034ecb89a,V26: A2,Gold 3,Bind,Deadlock,4,19,15,6,1.3,56,0.8,159,70,3,3,0.5,0.203,0.75,0.542,735,Afternoon,Sunday,victory
4b9a9ea6-b410-476f-a3cf-fe18cb9e531b,V26: A3,Platinum 2,Haven,Omen,5,19,18,6,1.1,10,0.8,133.5,52,3,1,0.75,0.092,0.88,0.458,728,Night,Saturday,defeat
545a6eff-45bb-47ca-99d6-1a6be64c787c,V26: A1,Gold 3,Breeze,Yoru,5,12,11,5,1.1,15,0.8,139.1,63,1,3,0.25,0.163,0.75,0.812,647,Afternoon,Sunday,victory
54925915-076d-4903-8de1-15e9c1583985,V26: A3,Platinum 2,Ascent,Omen,7,16,16,6,1,-4,0.8,134.4,50,0,0,0,0.24,0.67,0.619,564,Afternoon,Thursday,victory
5585a4a5-45ac-4143-97bb-a05a1a7c0cf3,V26: A2,Gold 3,Breeze,Viper,4,16,19,10,0.8,12,0.7,147.9,60,1,3,0.25,0.255,0.68,0.409,543,Afternoon,Sunday,defeat
564534fd-995c-447e-9838-ba6bb4686edd,V26: A3,Platinum 2,Fracture,Brimstone,3,15,9,13,1.7,71,1,190.1,77,2,1,0.667,0.22,0.93,0.867,946,Afternoon,Sunday,victory
5e063533-f81d-4fbb-a1a0-6aa61ae21e69,V26: A1,Gold 3,Breeze,Vyse,7,13,17,6,0.8,-17,0.6,127.2,62,1,0,1,0.136,0.68,0.409,397,Afternoon,Wednesday,defeat
5f6eac07-5334-404e-a560-69aa97a3e0e8,V26: A2,Platinum 2,Fracture,Jett,1,21,12,5,1.8,72,1.1,212.2,103,3,4,0.429,0.115,0.89,0.684,974,Morning,Sunday,victory
645b271c-edec-45fb-9c3e-15216d049c44,V26: A1,Gold 3,Breeze,Brimstone,5,22,23,9,1,17,0.8,170.1,65,1,7,0.125,0.254,0.71,0.5,660,Morning,Wednesday,tied
660b9e9a-e9f3-465b-8503-f71f0e28762f,V26: A2,Platinum 2,Breeze,Astra,4,19,11,1,1.7,48,1.1,152.9,45,5,2,0.714,0.161,0.72,0.722,787,Night,Tuesday,victory
69d5fdcc-4cad-40b6-b4ba-8bd9421820ab,V26: A1,Gold 3,Pearl,Astra,10,11,16,6,0.7,-41,0.4,80.1,30,0,2,0,0.098,0.62,0.538,289,Afternoon,Wednesday,victory
6ef07405-f467-4c67-b1d2-cd982d3a6204,V26: A3,Platinum 2,Fracture,Astra,4,22,17,10,1.3,61,0.9,192.8,87,1,2,0.333,0.224,0.88,0.542,900,Night,Friday,victory
7058d430-756a-4103-bea2-5875d7cd15f5,V26: A3,Platinum 2,Breeze,Brimstone,5,18,18,6,1,11,0.8,150.5,59,0,2,0,0.208,0.71,0.458,575,Morning,Monday,defeat
714340c4-1512-4d59-93ce-0c5ae63f3dde,V26: A1,Gold 2,Abyss,Vyse,1,28,15,2,1.9,80,1.3,213.4,83,4,3,0.571,0.209,0.91,0.409,905,Night,Monday,defeat
7203c991-ddf1-46fc-9399-84423d690ba2,V26: A2,Platinum 1,Pearl,Astra,5,19,17,11,1.1,38,0.8,175.2,79,2,4,0.333,0.194,0.83,0.565,800,Night,Tuesday,victory
75f28cd7-34bc-42f6-b1c5-b96a527a43c3,V26: A2,Platinum 2,Fracture,Skye,8,14,16,5,0.9,10,0.6,134.4,62,2,2,0.5,0.121,0.59,0.409,412,Afternoon,Monday,defeat
7977b25c-bca3-4a5c-90a3-80bf2b420772,V26: A1,Gold 3,Corrode,Deadlock,5,17,21,3,0.8,-31,0.7,135.6,51,0,2,0,0.197,0.62,0.458,391,Afternoon,Wednesday,defeat
7a49d2ce-719b-4794-92d5-6fad7d6db0d3,V26: A3,Platinum 2,Fracture,Astra,9,13,19,8,0.7,-14,0.5,117.7,48,2,1,0.667,0.161,0.67,0.458,406,Morning,Sunday,defeat
7c924892-0173-4483-bcdd-8912445b7988,V26: A3,Platinum 2,Ascent,Omen,3,12,13,4,0.9,10,0.8,155.3,64,2,0,1,0.304,0.6,0.133,465,Afternoon,Sunday,defeat
7df1c0c9-d974-414f-ba92-eea94aee2311,V26: A3,Platinum 2,Split,Vyse,3,22,12,1,1.8,72,1,183.1,89,5,1,0.833,0.292,0.77,0.591,855,Afternoon,Thursday,victory
7e025fed-8b3b-4895-93c8-a883d27ca18b,V26: A2,Platinum 2,Split,Vyse,2,14,10,5,1.4,44,0.8,152.9,63,4,4,0.5,0.191,0.82,0.765,842,Afternoon,Sunday,victory
7f97babd-ff51-43e8-b231-d793ade89842,V26: A2,Platinum 2,Split,Vyse,2,21,18,7,1.2,61,0.9,196.2,71,5,1,0.833,0.126,0.7,0.435,721,Night,Monday,defeat
80b04152-1ba2-4869-ad8c-3ed74849e050,V26: A3,Platinum 2,Fracture,Brimstone,9,10,15,6,0.7,-42,0.5,95.4,40,1,1,0.5,0.188,0.47,0.316,175,Morning,Sunday,defeat
81811745-0070-4667-8515-cac06f90b811,V26: A2,Platinum 1,Lotus,Skye,2,18,14,6,1.3,46,0.9,168.6,67,1,5,0.167,0.189,0.7,0.65,732,Night,Friday,victory
82d29ef2-8934-4fca-9079-4caeeb32ac2c,V26: A2,Platinum 2,Haven,Jett,3,18,17,4,1.1,8,0.9,153.4,66,2,4,0.333,0.157,0.75,0.65,728,Night,Wednesday,victory
845a74ec-3b8b-4aee-949c-588c42cef21a,V26: A2,Platinum 2,Fracture,Vyse,6,17,17,9,1,1,0.7,127.6,55,4,5,0.444,0.123,0.54,0.542,468,Night,Wednesday,victory
869b3fc2-09ea-4045-8599-a2443bd1a840,V26: A3,Unranked,Lotus,Astra,7,12,17,6,0.7,-35,0.6,125.5,52,3,3,0.5,0.125,0.8,0.35,485,Afternoon,Friday,defeat
8a0112b6-5d2f-4ddd-bbf9-9c0403f4d996,V26: A1,Gold 3,Abyss,Yoru,4,13,16,5,0.8,-31,0.7,142.8,61,2,3,0.4,0.184,0.67,0.278,374,Afternoon,Wednesday,defeat
8aa6b367-b650-44ad-bf4a-d02f18217d6b,V26: A3,Platinum 2,Lotus,Vyse,5,17,16,2,1.1,20,0.7,133.8,59,0,3,0,0.152,0.65,0.565,568,Morning,Monday,victory
8eedd060-be5a-42aa-9493-22c0ee26cd53,V26: A2,Platinum 1,Bind,Brimstone,4,17,14,12,1.2,21,0.8,150.2,73,1,1,0.5,0.211,0.86,0.619,798,Afternoon,Wednesday,victory
94b6a626-edae-42e6-bdb4-dd472bc7d7ab,V26: A1,Gold 3,Split,Neon,5,13,10,0,1.3,-14,0.9,120.8,48,7,1,0.875,0.1,0.87,0.867,746,Night,Tuesday,victory
9682ff08-a32d-458d-90f0-7728662f0201,V26: A2,Platinum 2,Bind,Killjoy,7,14,13,2,1.1,45,0.6,142,74,1,3,0.25,0.206,0.68,0.591,617,Morning,Sunday,victory
973f463e-43f3-4869-877e-125464624ae8,V26: A1,Gold 2,Bind,Yoru,1,20,8,4,2.5,93,1.4,189.1,82,3,1,0.75,0.091,0.93,0.929,997,Night,Monday,victory
9b40acc8-565d-4b53-a8f3-4e4ba74f759e,V26: A1,Gold 3,Bind,Yoru,9,13,16,4,0.8,-39,0.6,101.5,44,3,3,0.5,0.182,0.68,0.591,406,Afternoon,Wednesday,victory
9d0e36cc-061c-4366-a9da-848892ef2a45,V26: A3,Platinum 2,Ascent,Omen,2,30,14,6,2.1,56,1.2,182.6,79,3,2,0.6,0.222,0.75,0.542,822,Afternoon,Sunday,victory
9dc86f3c-9614-4da8-8016-540c5b9349b1,V26: A3,Platinum 3,Split,Vyse,10,8,16,8,0.5,-49,0.4,89.6,39,0,4,0,0.15,0.59,0.409,200,Morning,Thursday,defeat
a1df5bc3-59cd-4e47-b82b-3e81f08fbfa0,V26: A1,Gold 2,Pearl,Astra,3,13,5,9,2.6,66,0.8,141.4,53,0,0,0,0.135,0.94,0.812,875,Morning,Sunday,victory
a38f171c-5420-45a2-8e7d-9b3a21ca885c,V26: A3,Platinum 2,Lotus,Astra,4,19,18,8,1.1,2,0.8,145.6,58,2,3,0.4,0.159,0.75,0.458,631,Afternoon,Monday,defeat
a5de2f7d-94f3-4f29-b5ee-b3cbafb050ea,V26: A2,Platinum 2,Pearl,Astra,8,11,19,2,0.6,-70,0.5,82.4,34,0,5,0,0.122,0.58,0.458,208,Night,Thursday,defeat
a5e9ee3a-dbe7-4fe1-a43d-8c6bbb11b208,V26: A2,Platinum 2,Haven,Omen,2,23,14,4,1.6,51,1.1,188.4,61,3,0,1,0.133,0.81,0.381,782,Night,Tuesday,defeat
ab0e225d-41f4-41af-bd6f-7b9cd5588dd6,V26: A2,Gold 3,Haven,Omen,3,18,13,2,1.4,20,0.9,146.4,54,2,1,0.667,0.298,0.74,0.684,743,Night,Tuesday,victory
ab1bff2b-6f8c-4c72-8984-b3bacf79d838,V26: A1,Gold 2,Breeze,Viper,2,11,2,2,5.5,200,1.4,264.2,234,1,0,1,0.15,1,1,1000,Night,Monday,victory
b5ad9b72-f66a-4bfc-95eb-444f12fde306,V26: A1,Gold 3,Haven,Deadlock,6,16,14,6,1.1,8,0.7,126,53,0,0,0,0.179,0.91,0.565,738,Night,Saturday,victory
bbb662c3-500d-49f2-a2af-5cf653a3de9c,V26: A3,Platinum 2,Fracture,Vyse,3,14,7,4,2,71,0.9,168.1,84,2,2,0.5,0.191,0.88,0.812,874,Afternoon,Monday,victory
bc1b3235-f629-4472-a520-d0e61feaf5e2,V26: A3,Platinum 2,Pearl,Astra,9,8,13,6,0.6,-57,0.3,48.6,26,0,2,0,0.138,0.61,0.565,249,Afternoon,Monday,victory
bdcad35f-c6a1-41db-904c-b16203fa5485,V26: A3,Platinum 3,Haven,Omen,2,15,14,5,1.1,13,0.9,170.9,67,2,1,0.667,0.486,0.65,0.235,526,Afternoon,Saturday,defeat
c92211ea-18c5-40c6-8b11-2a5aed64f6a4,V26: A3,Platinum 2,Pearl,Astra,2,21,15,2,1.4,69,1.1,208.5,86,3,3,0.5,0.242,0.68,0.316,674,Afternoon,Friday,defeat
c9973593-8253-47a0-a6dd-f6cbaefc7f43,V26: A2,Platinum 2,Breeze,Astra,2,15,8,7,1.9,60,0.9,161,78,1,1,0.5,0.261,0.94,0.812,907,Afternoon,Friday,victory
cb0dd8b4-a83a-40b1-93c4-b4d2fb0f1805,V26: A1,Gold 2,Split,Brimstone,3,13,11,12,1.2,26,0.8,150.2,75,2,1,0.667,0.079,0.88,0.765,837,Night,Wednesday,victory
cbf9255c-1ed7-404a-a8f8-781e329d2457,V26: A3,Platinum 2,Breeze,Viper,5,14,9,3,1.6,40,0.7,130.6,70,2,0,1,0.3,0.89,0.684,795,Afternoon,Monday,victory
cc636d05-6dfe-4519-aa83-42a8200e2bc8,V26: A3,Platinum 2,Split,Astra,7,16,16,8,1,-12,0.8,123.2,48,2,1,0.667,0.148,0.71,0.381,481,Morning,Monday,defeat
cdf1764a-ab0f-4cba-8852-1c2113962c14,V26: A3,Platinum 2,Haven,Jett,7,13,18,6,0.7,-26,0.5,123.1,48,4,3,0.571,0.189,0.71,0.542,466,Afternoon,Monday,victory
ce77a3ab-b7bb-459f-b868-0cf39d190628,V26: A2,Platinum 2,Bind,Brimstone,3,16,11,10,1.4,62,1,195.5,97,2,1,0.667,0.092,0.81,0.812,897,Night,Friday,victory
cfa79ca7-dbe3-4808-a092-e7435b07cf2b,V26: A1,Gold 2,Abyss,Vyse,1,20,12,4,1.7,67,1.1,186.7,68,4,1,0.8,0.167,0.72,0.722,834,Night,Wednesday,victory
d227af40-1201-466d-a78c-919de89d56e2,V26: A3,Platinum 3,Lotus,Vyse,6,14,14,5,1,17,0.7,130.3,57,4,1,0.8,0.191,0.74,0.684,675,Afternoon,Thursday,victory
d5d74d3f-0134-42b3-bedc-709f95769bf4,V26: A3,Platinum 3,Pearl,Astra,8,18,15,15,1.2,10,0.7,114,52,3,0,1,0.175,0.77,0.462,575,Afternoon,Thursday,defeat
d7912805-6223-49c5-8872-e39e00780b5a,V26: A1,Unranked,Pearl,Chamber,9,15,18,5,0.8,-8,0.6,121.8,51,0,3,0,0.308,0.75,0.542,561,Night,Wednesday,victory
de480474-c66b-4f42-ad85-cd34b054be43,V26: A1,Gold 2,Pearl,Jett,2,22,11,2,2,52,1.2,178.2,82,3,2,0.6,0.194,0.84,0.684,915,Night,Friday,victory
de96e06e-24cb-48e2-aa7c-2a32e926d5bc,V26: A1,Gold 3,Abyss,Brimstone,6,17,19,17,0.9,-16,0.7,125.2,53,2,2,0.5,0.094,0.85,0.462,623,Afternoon,Sunday,defeat
e0c09d3d-87f5-4dd2-aa23-4ab87fc7862e,V26: A2,Platinum 1,Pearl,Astra,2,16,16,3,1,-12,0.9,156,72,2,1,0.667,0.117,0.67,0.278,464,Afternoon,Wednesday,defeat
e0f5a7e8-b324-47d0-8e03-d72536a85f5d,V26: A3,Platinum 2,Lotus,Vyse,1,20,15,5,1.3,40,0.9,169.9,68,2,0,1,0.215,0.76,0.619,811,Morning,Sunday,victory
e239755f-f90e-4845-bbd4-325b36f723c6,V26: A2,Platinum 2,Split,Phoenix,6,18,23,6,0.8,-32,0.6,134.6,48,3,4,0.429,0.143,0.61,0.5,398,Afternoon,Sunday,tied
e3950d8a-79db-433f-8e59-b1284897ad0c,V26: A2,Platinum 2,Fracture,Brimstone,10,7,19,11,0.4,-76,0.4,93.7,38,0,2,0,0.233,0.79,0.316,321,Afternoon,Friday,defeat
e4902ea2-ecfc-49e2-8733-1d144100b343,V26: A2,Platinum 1,Breeze,Jett,3,22,20,8,1.1,15,1,184.5,94,11,6,0.647,0.163,0.74,0.435,693,Night,Friday,defeat
e989d386-0a60-4aeb-ba05-6094941d17b0,V26: A3,Platinum 2,Pearl,Astra,8,10,14,3,0.7,-10,0.6,132.3,55,1,0,1,0.19,0.62,0.188,327,Night,Saturday,defeat
eb885d08-b0b7-4621-9a0c-c1a64f52a0f5,V26: A1,Unranked,Split,Omen,1,21,17,8,1.2,50,0.9,188.3,75,4,3,0.571,0.162,0.73,0.409,713,Afternoon,Thursday,defeat
ec5f30ab-67a6-4bb7-84fe-4bd6a0e594e1,V26: A2,Platinum 2,Pearl,Astra,4,20,15,7,1.3,57,0.9,179.1,78,1,1,0.5,0.171,0.82,0.591,860,Afternoon,Monday,victory
edf4c7d1-cac4-4e1a-a36b-324d94b29a03,V26: A3,Platinum 2,Breeze,Brimstone,6,17,12,10,1.4,17,0.7,122,73,0,0,0,0.262,0.79,0.542,658,Morning,Friday,victory
efca87ef-7677-4824-8f7e-5c70da6b9e67,V26: A1,Gold 3,Breeze,Brimstone,2,19,17,6,1.1,55,1.1,226.8,85,1,1,0.5,0.225,0.88,0.235,826,Night,Friday,defeat
f00a0dd5-1a79-416f-8dd0-e9bbc92bfa24,V26: A3,Platinum 2,Haven,Jett,1,22,8,3,2.8,147,1.5,249.3,74,0,2,0,0.276,1,0.867,1000,Afternoon,Monday,victory
f17653a5-6abb-4b02-bf40-a981114843f9,V26: A3,Platinum 2,Fracture,Vyse,3,20,16,5,1.2,57,0.8,175.7,72,6,3,0.667,0.196,0.67,0.458,652,Afternoon,Sunday,defeat
f2171649-8862-41d0-a645-496cdfd981fa,V26: A3,Platinum 2,Haven,Jett,7,15,18,2,0.8,-21,0.6,118.1,47,4,6,0.4,0.2,0.71,0.458,449,Afternoon,Thursday,defeat
f3aaf9a0-16c2-4344-a50a-20342c1c1e91,V26: A2,Platinum 2,Breeze,Viper,3,19,14,6,1.4,41,0.9,181.4,73,3,2,0.6,0.152,0.86,0.619,880,Night,Friday,victory
fdd27450-3ebc-4b89-9e17-f168d454aa01,V26: A3,Platinum 2,Ascent,Jett,7,14,21,5,0.7,-51,0.6,118,44,1,9,0.1,0.176,0.61,0.435,308,Morning,Friday,defeat
