Match ID,Season,Econ Loadout,Map,Kills,Deaths,Assists,K/D,Damage Delta/Round,Average Damage/Round,Entry Success Rate,Round Win %
0055ba6f-baab-4b85-9236-af1284e373c0,V26: A3,pistol,Split,1,1,0,1,-24,57,0,0.5
0055ba6f-baab-4b85-9236-af1284e373c0,V26: A3,eco,Split,4,3,0,1.333333333,15,136,1,0.75
0055ba6f-baab-4b85-9236-af1284e373c0,V26: A3,semi,Split,10,10,4,1,8,145.46,0.667,0.385
0055ba6f-baab-4b85-9236-af1284e373c0,V26: A3,full,Split,1,4,0,0.25,-110,41.6,0,0.4
02ae59b6-ae06-4388-9afc-f953bd6cc514,V26: A1,pistol,Pearl,0,2,1,0,-113,37,0,0
02ae59b6-ae06-4388-9afc-f953bd6cc514,V26: A1,eco,Pearl,1,3,1,0.333333333,-103,84,0,0.333
02ae59b6-ae06-4388-9afc-f953bd6cc514,V26: A1,semi,Pearl,3,9,1,0.333333333,-99,73.4,0,0.1
02ae59b6-ae06-4388-9afc-f953bd6cc514,V26: A1,full,Pearl,1,0,0,,160,160,0,1
0a0ec9d3-b1fb-4cce-95ab-b787d1590c11,V26: A1,pistol,Pearl,1,2,2,0.5,-2,130,0.5,0.5
0a0ec9d3-b1fb-4cce-95ab-b787d1590c11,V26: A1,semi,Pearl,4,9,1,0.444444444,-56,68.83,0,0.417
0a0ec9d3-b1fb-4cce-95ab-b787d1590c11,V26: A1,eco,Pearl,2,4,1,0.5,-59,69.33,1,0.5
0a0ec9d3-b1fb-4cce-95ab-b787d1590c11,V26: A1,full,Pearl,0,2,0,0,-150,0,0,0
0a2bc01a-180f-428b-ad99-33504edcc891,V26: A1,pistol,Split,1,2,0,0.5,-68,52,1,0.5
0a2bc01a-180f-428b-ad99-33504edcc891,V26: A1,semi,Split,8,10,1,0.8,6,133.38,0.667,0.385
0a2bc01a-180f-428b-ad99-33504edcc891,V26: A1,eco,Split,6,4,2,1.5,49,137.43,0,0.714
0a2bc01a-180f-428b-ad99-33504edcc891,V26: A1,full,Split,4,5,1,0.8,-52,95.33,0.5,0.5
0db767de-c9b3-4431-8b6f-e6a4a0301044,V26: A1,pistol,Corrode,0,2,0,0,-157,0,0,0.5
0db767de-c9b3-4431-8b6f-e6a4a0301044,V26: A1,semi,Corrode,8,8,2,1,-16,134.56,0,0.333
0db767de-c9b3-4431-8b6f-e6a4a0301044,V26: A1,full,Corrode,9,4,0,2.25,122,225.71,0,0.571
0db767de-c9b3-4431-8b6f-e6a4a0301044,V26: A1,eco,Corrode,0,3,1,0,-130,8.75,0,0.25
11e72d4e-d6bc-4d0d-8888-25a4ed18dc27,V26: A3,pistol,Haven,1,2,0,0.5,-47,91,0,0
11e72d4e-d6bc-4d0d-8888-25a4ed18dc27,V26: A3,eco,Haven,3,2,0,1.5,-22,191,0,0
11e72d4e-d6bc-4d0d-8888-25a4ed18dc27,V26: A3,semi,Haven,7,8,1,0.875,13,164.67,0,0.222
11e72d4e-d6bc-4d0d-8888-25a4ed18dc27,V26: A3,full,Haven,2,2,1,1,66,295,1,0
128a41b6-5d48-4acf-872c-d1404c9ee348,V26: A2,pistol,Bind,4,0,0,,56,127,0,1
128a41b6-5d48-4acf-872c-d1404c9ee348,V26: A2,semi,Bind,2,1,0,2,68,100.25,0,0.75
128a41b6-5d48-4acf-872c-d1404c9ee348,V26: A2,eco,Bind,10,3,2,3.333333333,150,217.62,0,0.625
128a41b6-5d48-4acf-872c-d1404c9ee348,V26: A2,full,Bind,1,0,0,,63,62.67,1,1
129c5fac-94ff-4e55-8d5f-809b92659cdf,V26: A2,pistol,Bind,1,1,1,1,-19,91,0,1
129c5fac-94ff-4e55-8d5f-809b92659cdf,V26: A2,semi,Bind,6,7,3,0.857142857,-14,127.33,0.75,0.444
129c5fac-94ff-4e55-8d5f-809b92659cdf,V26: A2,eco,Bind,10,3,3,3.333333333,202,347,1,0.714
129c5fac-94ff-4e55-8d5f-809b92659cdf,V26: A2,full,Bind,4,1,1,4,220,272.33,0,0.667
176e9567-25e1-433b-be43-59464e07229b,V26: A3,pistol,Split,2,2,2,1,-18,117,0,0.5
176e9567-25e1-433b-be43-59464e07229b,V26: A3,eco,Split,4,3,3,1.333333333,65,156.6,0,0.8
176e9567-25e1-433b-be43-59464e07229b,V26: A3,full,Split,0,6,5,0,-61,77,0,0.5
176e9567-25e1-433b-be43-59464e07229b,V26: A3,semi,Split,3,6,1,0.5,-49,121.5,0,0.667
1a153cf6-2170-4604-af93-e9d6cf90efdd,V26: A1,pistol,Pearl,4,1,0,4,132,187.5,0,0.5
1a153cf6-2170-4604-af93-e9d6cf90efdd,V26: A1,eco,Pearl,5,6,4,0.833333333,50,165.12,0,0.375
1a153cf6-2170-4604-af93-e9d6cf90efdd,V26: A1,full,Pearl,11,3,2,3.666666667,118,206.75,1,0.875
1a153cf6-2170-4604-af93-e9d6cf90efdd,V26: A1,semi,Pearl,4,2,0,2,75,144,0,0.5
1a18b6b4-5990-4f36-bb4a-7fe8dcc31d4e,V26: A1,pistol,Corrode,2,1,0,2,-8,117,0,1
1a18b6b4-5990-4f36-bb4a-7fe8dcc31d4e,V26: A1,semi,Corrode,7,9,6,0.777777778,-18,129.91,0,0.273
1a18b6b4-5990-4f36-bb4a-7fe8dcc31d4e,V26: A1,eco,Corrode,2,4,6,0.5,-39,68.57,0.5,0.571
1a18b6b4-5990-4f36-bb4a-7fe8dcc31d4e,V26: A1,full,Corrode,2,3,2,0.666666667,-52,77,1,0.5
1b389dca-7c0a-427c-a4ee-90966cb59df9,V26: A2,pistol,Haven,2,1,2,2,64,170.5,0.5,1
1b389dca-7c0a-427c-a4ee-90966cb59df9,V26: A2,semi,Haven,12,11,3,1.090909091,5,189.15,0,0.385
1b389dca-7c0a-427c-a4ee-90966cb59df9,V26: A2,eco,Haven,2,3,3,0.666666667,-6,125.6,0,0.6
1b389dca-7c0a-427c-a4ee-90966cb59df9,V26: A2,full,Haven,4,3,0,1.333333333,7,150,1,0.25
20a03bec-3724-49cc-9e61-d8fde5dd1dc5,V26: A3,pistol,Split,4,2,0,2,110,260,1,0
20a03bec-3724-49cc-9e61-d8fde5dd1dc5,V26: A3,eco,Split,1,4,1,0.25,-69,90,0,0.25
20a03bec-3724-49cc-9e61-d8fde5dd1dc5,V26: A3,semi,Split,9,8,1,1.125,48,185.1,0,0.4
20a03bec-3724-49cc-9e61-d8fde5dd1dc5,V26: A3,full,Split,6,3,2,2,121,235.4,1,0.6
285fe4ee-5962-452d-ba99-fb0e8eb911fc,V26: A1,pistol,Bind,1,2,0,0.5,0,111,0.5,0.5
285fe4ee-5962-452d-ba99-fb0e8eb911fc,V26: A1,semi,Bind,11,13,6,0.846153846,-15,112.28,0.5,0.5
285fe4ee-5962-452d-ba99-fb0e8eb911fc,V26: A1,full,Bind,7,2,0,3.5,404,611,1,0.5
285fe4ee-5962-452d-ba99-fb0e8eb911fc,V26: A1,eco,Bind,0,2,2,0,-103,72.5,0,0
2a10dc85-0a10-49a4-aa59-a6baf818c957,V26: A3,pistol,Pearl,1,2,1,0.5,-38,70.5,1,1
2a10dc85-0a10-49a4-aa59-a6baf818c957,V26: A3,semi,Pearl,2,6,4,0.333333333,-72,65.67,0,0.778
2a10dc85-0a10-49a4-aa59-a6baf818c957,V26: A3,eco,Pearl,6,3,0,2,60,181.8,1,0.8
2a10dc85-0a10-49a4-aa59-a6baf818c957,V26: A3,full,Pearl,2,0,0,,210,300,0,0
2a1f45c4-86d0-4506-ab9e-8a196156639f,V26: A3,pistol,Fracture,1,2,0,0.5,-20,103,0,0
2a1f45c4-86d0-4506-ab9e-8a196156639f,V26: A3,eco,Fracture,7,8,3,0.875,47,177.7,0.6,0.4
2a1f45c4-86d0-4506-ab9e-8a196156639f,V26: A3,full,Fracture,11,2,1,5.5,133,201.5,1,0.75
2a1f45c4-86d0-4506-ab9e-8a196156639f,V26: A3,semi,Fracture,3,4,0,0.75,-14,141.75,0,0.25
2e26c762-3b06-41a3-9ec9-965e05a47ef5,V26: A2,pistol,Bind,0,1,1,0,-78,39,0,0.5
2e26c762-3b06-41a3-9ec9-965e05a47ef5,V26: A2,semi,Bind,9,11,4,0.818181818,-5,156.58,0.667,0.25
2e26c762-3b06-41a3-9ec9-965e05a47ef5,V26: A2,eco,Bind,3,3,0,1,66,194.75,0,0.25
2e26c762-3b06-41a3-9ec9-965e05a47ef5,V26: A2,full,Bind,1,1,0,1,-21,138,0,1
34a412f5-449d-4a3f-8a21-19aa47d60387,V26: A3,pistol,Breeze,4,2,1,2,14,188,0,0
34a412f5-449d-4a3f-8a21-19aa47d60387,V26: A3,eco,Breeze,2,5,3,0.4,-120,66.4,0,0.2
34a412f5-449d-4a3f-8a21-19aa47d60387,V26: A3,semi,Breeze,5,3,5,1.666666667,48,124.57,0,0.571
34a412f5-449d-4a3f-8a21-19aa47d60387,V26: A3,full,Breeze,7,3,0,2.333333333,137,254.8,0.5,0.2
367b5de8-a7de-4170-83b8-0c04cb4afc30,V26: A1,pistol,Corrode,1,1,1,1,17,91.5,0,0.5
367b5de8-a7de-4170-83b8-0c04cb4afc30,V26: A1,semi,Corrode,9,8,2,1.125,32,178.44,0,0.444
367b5de8-a7de-4170-83b8-0c04cb4afc30,V26: A1,eco,Corrode,2,3,1,0.666666667,-29,108.75,0,0.25
367b5de8-a7de-4170-83b8-0c04cb4afc30,V26: A1,full,Corrode,5,5,1,1,-34,158.67,0,0.333
3839d218-298d-4f18-a222-bc6b765d1826,V26: A2,pistol,Breeze,1,2,0,0.5,-45,67.5,0,0.5
3839d218-298d-4f18-a222-bc6b765d1826,V26: A2,eco,Breeze,5,6,2,0.833333333,-17,142.57,0.667,0.429
3839d218-298d-4f18-a222-bc6b765d1826,V26: A2,semi,Breeze,7,4,6,1.75,78,176.78,1,1
3839d218-298d-4f18-a222-bc6b765d1826,V26: A2,full,Breeze,0,1,0,0,-133,0,0,0
3952779b-b2ea-4ba8-965e-8e462ba07aee,V26: A1,pistol,Haven,3,1,0,3,50,130,0,0.5
3952779b-b2ea-4ba8-965e-8e462ba07aee,V26: A1,semi,Haven,12,10,3,1.2,20,178.75,1,0.25
3952779b-b2ea-4ba8-965e-8e462ba07aee,V26: A1,eco,Haven,1,1,0,1,-60,140,0,1
3952779b-b2ea-4ba8-965e-8e462ba07aee,V26: A1,full,Haven,4,4,0,1,51,212.25,0.5,0.25
3d3678da-b85d-4ceb-8e3d-51a5c863c1d2,V26: A1,pistol,Abyss,1,2,1,0.5,-8,123.5,0,1
3d3678da-b85d-4ceb-8e3d-51a5c863c1d2,V26: A1,semi,Abyss,9,11,4,0.818181818,-16,130.07,0.333,0.643
3d3678da-b85d-4ceb-8e3d-51a5c863c1d2,V26: A1,full,Abyss,3,3,0,1,-23,136.33,0.5,0.333
3d3678da-b85d-4ceb-8e3d-51a5c863c1d2,V26: A1,eco,Abyss,2,2,0,1,-60,96.5,0,0.5
428971a8-690a-45ce-a568-28a1a2c450a6,V26: A2,pistol,Haven,2,2,2,1,22,195,0,0.5
428971a8-690a-45ce-a568-28a1a2c450a6,V26: A2,semi,Haven,5,7,3,0.714285714,-34,119.5,0.333,0.5
428971a8-690a-45ce-a568-28a1a2c450a6,V26: A2,eco,Haven,4,4,3,1,40,215.8,0,0.6
428971a8-690a-45ce-a568-28a1a2c450a6,V26: A2,full,Haven,4,6,6,0.666666667,20,135.12,1,0.625
44134d78-f8ce-47cd-8b5b-093a5ba9736f,V26: A1,pistol,Corrode,2,2,0,1,-50,120,1,0
44134d78-f8ce-47cd-8b5b-093a5ba9736f,V26: A1,eco,Corrode,1,3,1,0.333333333,-67,88.67,0,0.333
44134d78-f8ce-47cd-8b5b-093a5ba9736f,V26: A1,full,Corrode,0,2,0,0,-150,19.5,0,0
44134d78-f8ce-47cd-8b5b-093a5ba9736f,V26: A1,semi,Corrode,7,6,2,1.166666667,-2,134.67,0,0.222
447d53da-c874-43bc-8b9d-67bff7535a43,V26: A2,pistol,Breeze,3,2,0,1.5,39,180,1,1
447d53da-c874-43bc-8b9d-67bff7535a43,V26: A2,semi,Breeze,9,5,2,1.8,84,200.12,0.667,0.75
447d53da-c874-43bc-8b9d-67bff7535a43,V26: A2,eco,Breeze,5,5,1,1,5,191.33,0.5,0.667
447d53da-c874-43bc-8b9d-67bff7535a43,V26: A2,full,Breeze,3,3,1,1,-12,191.33,0,0.333
46bfe6f6-b1a3-4b34-aca3-293034ecb89a,V26: A2,pistol,Bind,2,1,0,2,63,115.5,0,0.5
46bfe6f6-b1a3-4b34-aca3-293034ecb89a,V26: A2,semi,Bind,9,5,4,1.8,97,214.75,0.6,0.5
46bfe6f6-b1a3-4b34-aca3-293034ecb89a,V26: A2,full,Bind,4,3,1,1.333333333,49,118.71,0,0.714
46bfe6f6-b1a3-4b34-aca3-293034ecb89a,V26: A2,eco,Bind,4,6,1,0.666666667,14,148.14,0,0.429
4b9a9ea6-b410-476f-a3cf-fe18cb9e531b,V26: A3,pistol,Haven,0,2,1,0,-70,37,0,0
4b9a9ea6-b410-476f-a3cf-fe18cb9e531b,V26: A3,eco,Haven,3,6,1,0.5,-35,88.29,0,0.286
4b9a9ea6-b410-476f-a3cf-fe18cb9e531b,V26: A3,semi,Haven,11,7,2,1.571428571,34,167.9,1,0.8
4b9a9ea6-b410-476f-a3cf-fe18cb9e531b,V26: A3,full,Haven,5,3,2,1.666666667,58,166.8,0,0.2
545a6eff-45bb-47ca-99d6-1a6be64c787c,V26: A1,pistol,Breeze,3,1,2,3,158,250.5,0.5,1
545a6eff-45bb-47ca-99d6-1a6be64c787c,V26: A1,semi,Breeze,6,4,1,1.5,33,140.43,0,0.857
545a6eff-45bb-47ca-99d6-1a6be64c787c,V26: A1,full,Breeze,2,4,1,0.5,-55,112,0,0.75
545a6eff-45bb-47ca-99d6-1a6be64c787c,V26: A1,eco,Breeze,1,2,1,0.5,-29,98,0,0.667
54925915-076d-4903-8de1-15e9c1583985,V26: A3,pistol,Ascent,3,1,0,3,81,191,0,0.5
54925915-076d-4903-8de1-15e9c1583985,V26: A3,semi,Ascent,8,9,5,0.888888889,-14,129.75,0,0.667
54925915-076d-4903-8de1-15e9c1583985,V26: A3,eco,Ascent,0,3,0,0,-140,0,0,0.333
54925915-076d-4903-8de1-15e9c1583985,V26: A3,full,Ascent,5,3,1,1.666666667,83,221,0,0.75
5585a4a5-45ac-4143-97bb-a05a1a7c0cf3,V26: A2,pistol,Breeze,1,2,1,0.5,-88,63.5,1,0.5
5585a4a5-45ac-4143-97bb-a05a1a7c0cf3,V26: A2,semi,Breeze,4,10,6,0.4,-27,107.27,0,0.455
5585a4a5-45ac-4143-97bb-a05a1a7c0cf3,V26: A2,eco,Breeze,7,4,1,1.75,112,253.6,0,0.4
5585a4a5-45ac-4143-97bb-a05a1a7c0cf3,V26: A2,full,Breeze,4,3,2,1.333333333,46,169.5,0,0.25
564534fd-995c-447e-9838-ba6bb4686edd,V26: A3,pistol,Fracture,1,1,2,1,-26,52,0,1
564534fd-995c-447e-9838-ba6bb4686edd,V26: A3,semi,Fracture,2,3,3,0.666666667,36,152.5,0,1
564534fd-995c-447e-9838-ba6bb4686edd,V26: A3,full,Fracture,8,5,5,1.6,50,184.71,0.5,0.714
564534fd-995c-447e-9838-ba6bb4686edd,V26: A3,eco,Fracture,4,0,2,,312,422,1,1
5e063533-f81d-4fbb-a1a0-6aa61ae21e69,V26: A1,pistol,Breeze,2,2,1,1,44,165,0,0
5e063533-f81d-4fbb-a1a0-6aa61ae21e69,V26: A1,eco,Breeze,4,4,2,1,24,134.67,0,0.333
5e063533-f81d-4fbb-a1a0-6aa61ae21e69,V26: A1,full,Breeze,1,2,0,0.5,-57,97.5,0,0.5
5e063533-f81d-4fbb-a1a0-6aa61ae21e69,V26: A1,semi,Breeze,6,9,3,0.666666667,-40,122.08,1,0.5
5f6eac07-5334-404e-a560-69aa97a3e0e8,V26: A2,pistol,Fracture,2,1,1,2,128,188.5,0,0.5
5f6eac07-5334-404e-a560-69aa97a3e0e8,V26: A2,eco,Fracture,6,4,4,1.5,52,189.75,0.25,0.75
5f6eac07-5334-404e-a560-69aa97a3e0e8,V26: A2,semi,Fracture,10,5,0,2,72,234.71,0.5,0.714
5f6eac07-5334-404e-a560-69aa97a3e0e8,V26: A2,full,Fracture,3,2,0,1.5,98,247,1,0.5
645b271c-edec-45fb-9c3e-15216d049c44,V26: A1,pistol,Breeze,1,2,0,0.5,-113,63,0,0
645b271c-edec-45fb-9c3e-15216d049c44,V26: A1,eco,Breeze,2,4,0,0.5,-35,106.75,0,0
645b271c-edec-45fb-9c3e-15216d049c44,V26: A1,semi,Breeze,14,13,6,1.076923077,39,196.81,0.25,0.625
645b271c-edec-45fb-9c3e-15216d049c44,V26: A1,full,Breeze,5,4,3,1.25,35,177,0,0.667
660b9e9a-e9f3-465b-8503-f71f0e28762f,V26: A2,pistol,Breeze,3,1,0,3,112,165,0,1
660b9e9a-e9f3-465b-8503-f71f0e28762f,V26: A2,semi,Breeze,7,3,0,2.333333333,161,250.4,0.667,0.8
660b9e9a-e9f3-465b-8503-f71f0e28762f,V26: A2,eco,Breeze,4,4,0,1,-59,86,0.667,0.4
660b9e9a-e9f3-465b-8503-f71f0e28762f,V26: A2,full,Breeze,5,3,0,1.666666667,22,123.5,1,0.833
69d5fdcc-4cad-40b6-b4ba-8bd9421820ab,V26: A1,pistol,Pearl,1,1,0,1,-22,45,0,1
69d5fdcc-4cad-40b6-b4ba-8bd9421820ab,V26: A1,eco,Pearl,3,5,3,0.6,-25,67.25,0,0.5
69d5fdcc-4cad-40b6-b4ba-8bd9421820ab,V26: A1,full,Pearl,6,4,1,1.5,-1,116.44,0,0.667
69d5fdcc-4cad-40b6-b4ba-8bd9421820ab,V26: A1,semi,Pearl,1,6,2,0.166666667,-115,58.14,0,0.286
6ef07405-f467-4c67-b1d2-cd982d3a6204,V26: A3,pistol,Fracture,2,2,0,1,-16,148.5,1,0.5
6ef07405-f467-4c67-b1d2-cd982d3a6204,V26: A3,eco,Fracture,5,5,3,1,27,158.29,0,0.429
6ef07405-f467-4c67-b1d2-cd982d3a6204,V26: A3,semi,Fracture,9,6,4,1.5,94,205.6,0,0.6
6ef07405-f467-4c67-b1d2-cd982d3a6204,V26: A3,full,Fracture,6,4,3,1.5,75,233.4,0,0.6
7058d430-756a-4103-bea2-5875d7cd15f5,V26: A3,pistol,Breeze,0,2,0,0,-107,17.5,0,0.5
7058d430-756a-4103-bea2-5875d7cd15f5,V26: A3,eco,Breeze,7,6,2,1.166666667,18,193.43,0,0.429
7058d430-756a-4103-bea2-5875d7cd15f5,V26: A3,semi,Breeze,6,5,4,1.2,44,164.75,0,0.375
7058d430-756a-4103-bea2-5875d7cd15f5,V26: A3,full,Breeze,5,5,0,1,-1,129.14,0,0.571
714340c4-1512-4d59-93ce-0c5ae63f3dde,V26: A1,pistol,Abyss,2,1,1,2,111,203.5,1,0.5
714340c4-1512-4d59-93ce-0c5ae63f3dde,V26: A1,semi,Abyss,20,7,0,2.857142857,139,270.18,0.5,0.455
714340c4-1512-4d59-93ce-0c5ae63f3dde,V26: A1,eco,Abyss,3,3,0,1,-1,172.33,1,0.333
714340c4-1512-4d59-93ce-0c5ae63f3dde,V26: A1,full,Abyss,3,4,1,0.75,4,133.33,0,0.333
7203c991-ddf1-46fc-9399-84423d690ba2,V26: A2,pistol,Pearl,1,2,1,0.5,-122,49.5,0,0
7203c991-ddf1-46fc-9399-84423d690ba2,V26: A2,eco,Pearl,3,1,2,3,35,106.2,0,0.8
7203c991-ddf1-46fc-9399-84423d690ba2,V26: A2,semi,Pearl,8,9,4,0.888888889,31,164.55,0.25,0.455
7203c991-ddf1-46fc-9399-84423d690ba2,V26: A2,full,Pearl,7,5,3,1.4,120,318,1,0.8
75f28cd7-34bc-42f6-b1c5-b96a527a43c3,V26: A2,pistol,Fracture,3,2,0,1.5,10,130,1,0
75f28cd7-34bc-42f6-b1c5-b96a527a43c3,V26: A2,eco,Fracture,4,6,0,0.666666667,4,128.88,0,0.375
75f28cd7-34bc-42f6-b1c5-b96a527a43c3,V26: A2,full,Fracture,2,0,3,,40,62,0,1
75f28cd7-34bc-42f6-b1c5-b96a527a43c3,V26: A2,semi,Fracture,5,8,2,0.625,4,164.33,0.333,0.333
7977b25c-bca3-4a5c-90a3-80bf2b420772,V26: A1,pistol,Corrode,3,2,0,1.5,36,140,0,0
7977b25c-bca3-4a5c-90a3-80bf2b420772,V26: A1,eco,Corrode,0,3,1,0,-136,21.67,0,0.667
7977b25c-bca3-4a5c-90a3-80bf2b420772,V26: A1,semi,Corrode,10,11,2,0.909090909,-10,162.54,0,0.615
7977b25c-bca3-4a5c-90a3-80bf2b420772,V26: A1,full,Corrode,4,5,0,0.8,-46,132.67,0,0.167
7a49d2ce-719b-4794-92d5-6fad7d6db0d3,V26: A3,pistol,Fracture,0,2,1,0,-74,47,0,0
7a49d2ce-719b-4794-92d5-6fad7d6db0d3,V26: A3,eco,Fracture,1,3,0,0.333333333,-44,61,1,0.25
7a49d2ce-719b-4794-92d5-6fad7d6db0d3,V26: A3,semi,Fracture,8,10,6,0.8,9,131.93,0.5,0.5
7a49d2ce-719b-4794-92d5-6fad7d6db0d3,V26: A3,full,Fracture,4,4,1,1,-32,159.75,0,0.75
7c924892-0173-4483-bcdd-8912445b7988,V26: A3,pistol,Ascent,3,2,1,1.5,45,210,0,0
7c924892-0173-4483-bcdd-8912445b7988,V26: A3,eco,Ascent,1,3,1,0.333333333,-17,112.33,0,0
7c924892-0173-4483-bcdd-8912445b7988,V26: A3,full,Ascent,4,4,2,1,8,158.4,0,0.2
7c924892-0173-4483-bcdd-8912445b7988,V26: A3,semi,Ascent,4,4,0,1,15,156,1,0.2
7df1c0c9-d974-414f-ba92-eea94aee2311,V26: A3,pistol,Split,2,1,0,2,10,66,0,0.5
7df1c0c9-d974-414f-ba92-eea94aee2311,V26: A3,eco,Split,8,4,0,2,72,176.88,1,0.625
7df1c0c9-d974-414f-ba92-eea94aee2311,V26: A3,semi,Split,5,3,0,1.666666667,91,212.33,0.5,0.5
7df1c0c9-d974-414f-ba92-eea94aee2311,V26: A3,full,Split,7,4,1,1.75,74,201.33,1,0.667
7e025fed-8b3b-4895-93c8-a883d27ca18b,V26: A2,pistol,Split,1,2,1,0.5,47,154,0.5,0.5
7e025fed-8b3b-4895-93c8-a883d27ca18b,V26: A2,eco,Split,4,3,1,1.333333333,-7,129.2,1,0.8
7e025fed-8b3b-4895-93c8-a883d27ca18b,V26: A2,semi,Split,1,2,1,0.5,-23,54.8,0,0.8
7e025fed-8b3b-4895-93c8-a883d27ca18b,V26: A2,full,Split,8,3,2,2.666666667,162,274.2,0.333,0.8
7f97babd-ff51-43e8-b231-d793ade89842,V26: A2,pistol,Split,3,1,0,3,34,146,0.5,1
7f97babd-ff51-43e8-b231-d793ade89842,V26: A2,semi,Split,11,9,5,1.222222222,74,195.15,1,0.462
7f97babd-ff51-43e8-b231-d793ade89842,V26: A2,eco,Split,0,3,1,0,-99,54.33,0,0.333
7f97babd-ff51-43e8-b231-d793ade89842,V26: A2,full,Split,7,5,1,1.4,131,304.2,1,0.2
80b04152-1ba2-4869-ad8c-3ed74849e050,V26: A3,pistol,Fracture,0,2,0,0,-96,13,0,0
80b04152-1ba2-4869-ad8c-3ed74849e050,V26: A3,eco,Fracture,2,1,1,2,27,95.67,0,0.667
80b04152-1ba2-4869-ad8c-3ed74849e050,V26: A3,semi,Fracture,7,8,5,0.875,-18,126.6,1,0.4
80b04152-1ba2-4869-ad8c-3ed74849e050,V26: A3,full,Fracture,1,4,0,0.25,-126,58.5,0,0
81811745-0070-4667-8515-cac06f90b811,V26: A2,pistol,Lotus,3,1,1,3,76,150.5,1,0.5
81811745-0070-4667-8515-cac06f90b811,V26: A2,semi,Lotus,7,5,2,1.4,40,179,0,0.857
81811745-0070-4667-8515-cac06f90b811,V26: A2,eco,Lotus,0,5,1,0,-72,67.6,0,0
81811745-0070-4667-8515-cac06f90b811,V26: A2,full,Lotus,8,3,2,2.666666667,144,246.67,0,1
82d29ef2-8934-4fca-9079-4caeeb32ac2c,V26: A2,pistol,Haven,1,2,0,0.5,-72,57.5,0,0.5
82d29ef2-8934-4fca-9079-4caeeb32ac2c,V26: A2,semi,Haven,9,10,2,0.9,-28,130.82,0,0.636
82d29ef2-8934-4fca-9079-4caeeb32ac2c,V26: A2,full,Haven,3,2,2,1.5,60,198.67,0,0.667
82d29ef2-8934-4fca-9079-4caeeb32ac2c,V26: A2,eco,Haven,5,3,0,1.666666667,108,229.5,1,0.75
845a74ec-3b8b-4aee-949c-588c42cef21a,V26: A2,pistol,Fracture,1,1,0,1,-76,52,0.5,0.5
845a74ec-3b8b-4aee-949c-588c42cef21a,V26: A2,semi,Fracture,11,7,4,1.571428571,40,168.6,0.667,0.5
845a74ec-3b8b-4aee-949c-588c42cef21a,V26: A2,full,Fracture,3,4,2,0.75,-3,146.6,0.5,0.6
845a74ec-3b8b-4aee-949c-588c42cef21a,V26: A2,eco,Fracture,2,5,3,0.4,-32,77.14,0,0.571
869b3fc2-09ea-4045-8599-a2443bd1a840,V26: A3,pistol,Lotus,2,2,1,1,100,211,0,1
869b3fc2-09ea-4045-8599-a2443bd1a840,V26: A3,semi,Lotus,9,9,3,1,-24,136.17,0.75,0.417
869b3fc2-09ea-4045-8599-a2443bd1a840,V26: A3,eco,Lotus,1,3,1,0.333333333,-80,102,0,0
869b3fc2-09ea-4045-8599-a2443bd1a840,V26: A3,full,Lotus,0,3,1,0,-120,49,0,0
8a0112b6-5d2f-4ddd-bbf9-9c0403f4d996,V26: A1,pistol,Abyss,1,2,1,0.5,-27,105.5,0,0.5
8a0112b6-5d2f-4ddd-bbf9-9c0403f4d996,V26: A1,eco,Abyss,1,2,1,0.5,-60,75,1,0
8a0112b6-5d2f-4ddd-bbf9-9c0403f4d996,V26: A1,semi,Abyss,9,12,3,0.75,-46,144.54,0.25,0.231
8a0112b6-5d2f-4ddd-bbf9-9c0403f4d996,V26: A1,full,Abyss,2,0,0,,211,331,0,1
8aa6b367-b650-44ad-bf4a-d02f18217d6b,V26: A3,pistol,Lotus,0,1,0,0,-39,13,0,0.5
8aa6b367-b650-44ad-bf4a-d02f18217d6b,V26: A3,semi,Lotus,12,9,1,1.333333333,50,160.92,0,0.615
8aa6b367-b650-44ad-bf4a-d02f18217d6b,V26: A3,eco,Lotus,3,4,1,0.75,20,160,0,0.25
8aa6b367-b650-44ad-bf4a-d02f18217d6b,V26: A3,full,Lotus,2,2,0,1,-49,80,0,0.75
8eedd060-be5a-42aa-9493-22c0ee26cd53,V26: A2,pistol,Bind,0,2,0,0,-119,13,0,0
8eedd060-be5a-42aa-9493-22c0ee26cd53,V26: A2,eco,Bind,4,5,2,0.8,-26,115.29,0,0.571
8eedd060-be5a-42aa-9493-22c0ee26cd53,V26: A2,semi,Bind,6,4,5,1.5,59,173.29,1,0.714
8eedd060-be5a-42aa-9493-22c0ee26cd53,V26: A2,full,Bind,7,3,5,2.333333333,89,221.6,0,0.8
94b6a626-edae-42e6-bdb4-dd472bc7d7ab,V26: A1,pistol,Split,2,1,0,2,13,107.5,0.5,1
94b6a626-edae-42e6-bdb4-dd472bc7d7ab,V26: A1,semi,Split,5,3,0,1.666666667,-7,112.6,1,1
94b6a626-edae-42e6-bdb4-dd472bc7d7ab,V26: A1,eco,Split,3,3,0,1,-32,125,1,0.75
94b6a626-edae-42e6-bdb4-dd472bc7d7ab,V26: A1,full,Split,3,3,0,1,-16,133.5,1,0.75
9682ff08-a32d-458d-90f0-7728662f0201,V26: A2,pistol,Bind,0,2,1,0,-72,46,0,0.5
9682ff08-a32d-458d-90f0-7728662f0201,V26: A2,semi,Bind,6,6,0,1,12,130,0,0.556
9682ff08-a32d-458d-90f0-7728662f0201,V26: A2,eco,Bind,4,5,1,0.8,45,133,1,0.556
9682ff08-a32d-458d-90f0-7728662f0201,V26: A2,full,Bind,4,0,0,,307,332.5,0,1
973f463e-43f3-4869-877e-125464624ae8,V26: A1,pistol,Bind,2,2,0,1,2,106,1,1
973f463e-43f3-4869-877e-125464624ae8,V26: A1,semi,Bind,5,1,2,5,133,184.67,1,1
973f463e-43f3-4869-877e-125464624ae8,V26: A1,eco,Bind,5,3,2,1.666666667,83,175.2,0.5,0.8
973f463e-43f3-4869-877e-125464624ae8,V26: A1,full,Bind,8,2,0,4,119,251.5,0,1
9b40acc8-565d-4b53-a8f3-4e4ba74f759e,V26: A1,pistol,Bind,2,1,0,2,63,135,1,0.5
9b40acc8-565d-4b53-a8f3-4e4ba74f759e,V26: A1,semi,Bind,8,9,2,0.888888889,-24,118.42,0.5,0.583
9b40acc8-565d-4b53-a8f3-4e4ba74f759e,V26: A1,eco,Bind,2,3,1,0.666666667,-68,95.25,0,0.5
9b40acc8-565d-4b53-a8f3-4e4ba74f759e,V26: A1,full,Bind,1,3,1,0.333333333,-105,40,0,0.75
9d0e36cc-061c-4366-a9da-848892ef2a45,V26: A3,pistol,Ascent,3,1,0,3,130,208,1,1
9d0e36cc-061c-4366-a9da-848892ef2a45,V26: A3,semi,Ascent,13,9,4,1.444444444,-3,154.08,0.5,0.333
9d0e36cc-061c-4366-a9da-848892ef2a45,V26: A3,eco,Ascent,8,4,2,2,47,156,0.5,0.714
9d0e36cc-061c-4366-a9da-848892ef2a45,V26: A3,full,Ascent,6,0,0,,263,341.67,0,0.667
9dc86f3c-9614-4da8-8016-540c5b9349b1,V26: A3,pistol,Split,0,1,0,0,-52,0,0,0.5
9dc86f3c-9614-4da8-8016-540c5b9349b1,V26: A3,semi,Split,2,9,2,0.222222222,-90,57.18,0,0.273
9dc86f3c-9614-4da8-8016-540c5b9349b1,V26: A3,full,Split,4,5,3,0.8,-29,162.4,0,0.4
9dc86f3c-9614-4da8-8016-540c5b9349b1,V26: A3,eco,Split,2,1,3,2,41,132.5,0,0.75
a1df5bc3-59cd-4e47-b82b-3e81f08fbfa0,V26: A1,pistol,Pearl,2,0,1,,91,91,0,1
a1df5bc3-59cd-4e47-b82b-3e81f08fbfa0,V26: A1,semi,Pearl,3,1,2,3,62,157.75,0,1
a1df5bc3-59cd-4e47-b82b-3e81f08fbfa0,V26: A1,eco,Pearl,4,1,3,4,104,155.6,0,0.8
a1df5bc3-59cd-4e47-b82b-3e81f08fbfa0,V26: A1,full,Pearl,4,3,3,1.333333333,20,134.2,0,0.6
a38f171c-5420-45a2-8e7d-9b3a21ca885c,V26: A3,pistol,Lotus,3,1,1,3,123,224,0,0.5
a38f171c-5420-45a2-8e7d-9b3a21ca885c,V26: A3,eco,Lotus,4,5,1,0.8,-27,124.83,0,0.333
a38f171c-5420-45a2-8e7d-9b3a21ca885c,V26: A3,semi,Lotus,9,7,4,1.285714286,28,183.22,0.667,0.444
a38f171c-5420-45a2-8e7d-9b3a21ca885c,V26: A3,full,Lotus,3,5,2,0.6,-41,92.57,0,0.571
a5de2f7d-94f3-4f29-b5ee-b3cbafb050ea,V26: A2,pistol,Pearl,1,2,0,0.5,-67,52,0,0.5
a5de2f7d-94f3-4f29-b5ee-b3cbafb050ea,V26: A2,semi,Pearl,4,8,0,0.5,-82,79.11,0,0.333
a5de2f7d-94f3-4f29-b5ee-b3cbafb050ea,V26: A2,eco,Pearl,2,6,2,0.333333333,-123,49.57,0,0.571
a5de2f7d-94f3-4f29-b5ee-b3cbafb050ea,V26: A2,full,Pearl,4,3,0,1.333333333,10,135.83,0,0.5
a5e9ee3a-dbe7-4fe1-a43d-8c6bbb11b208,V26: A2,pistol,Haven,2,1,0,2,34,117,1,1
a5e9ee3a-dbe7-4fe1-a43d-8c6bbb11b208,V26: A2,semi,Haven,15,6,2,2.5,125,247.6,1,0.4
a5e9ee3a-dbe7-4fe1-a43d-8c6bbb11b208,V26: A2,full,Haven,2,3,2,0.666666667,-6,126.75,0,0.25
a5e9ee3a-dbe7-4fe1-a43d-8c6bbb11b208,V26: A2,eco,Haven,4,4,0,1,-46,148,1,0.2
ab0e225d-41f4-41af-bd6f-7b9cd5588dd6,V26: A2,pistol,Haven,1,0,0,,8,38,0,1
ab0e225d-41f4-41af-bd6f-7b9cd5588dd6,V26: A2,semi,Haven,12,7,1,1.714285714,57,182,1,0.9
ab0e225d-41f4-41af-bd6f-7b9cd5588dd6,V26: A2,eco,Haven,1,2,0,0.5,-48,103.5,0,0
ab0e225d-41f4-41af-bd6f-7b9cd5588dd6,V26: A2,full,Haven,4,4,1,1,-23,135.8,0,0.4
ab1bff2b-6f8c-4c72-8984-b3bacf79d838,V26: A1,pistol,Breeze,0,0,0,,0,0,0,1
ab1bff2b-6f8c-4c72-8984-b3bacf79d838,V26: A1,semi,Breeze,2,0,0,,196,209.5,0,1
ab1bff2b-6f8c-4c72-8984-b3bacf79d838,V26: A1,eco,Breeze,9,2,2,4.5,242,339,1,1
b5ad9b72-f66a-4bfc-95eb-444f12fde306,V26: A1,pistol,Haven,2,1,0,2,52,143,0,0.5
b5ad9b72-f66a-4bfc-95eb-444f12fde306,V26: A1,semi,Haven,7,7,4,1,-10,99.31,0,0.769
b5ad9b72-f66a-4bfc-95eb-444f12fde306,V26: A1,full,Haven,2,3,1,0.666666667,-82,124.67,0,0
b5ad9b72-f66a-4bfc-95eb-444f12fde306,V26: A1,eco,Haven,5,3,1,1.666666667,91,189.4,0,0.4
bbb662c3-500d-49f2-a2af-5cf653a3de9c,V26: A3,pistol,Fracture,1,1,0,1,44,96.5,0,0.5
bbb662c3-500d-49f2-a2af-5cf653a3de9c,V26: A3,semi,Fracture,3,3,1,1,31,151.8,0.5,0.8
bbb662c3-500d-49f2-a2af-5cf653a3de9c,V26: A3,eco,Fracture,7,2,2,3.5,123,207,1,0.833
bbb662c3-500d-49f2-a2af-5cf653a3de9c,V26: A3,full,Fracture,3,1,1,3,52,165,0,1
bc1b3235-f629-4472-a520-d0e61feaf5e2,V26: A3,pistol,Pearl,0,2,1,0,-79,26,0,0
bc1b3235-f629-4472-a520-d0e61feaf5e2,V26: A3,eco,Pearl,0,6,1,0,-129,3.25,0,0.5
bc1b3235-f629-4472-a520-d0e61feaf5e2,V26: A3,full,Pearl,2,2,0,1,-41,86.67,0,0.667
bc1b3235-f629-4472-a520-d0e61feaf5e2,V26: A3,semi,Pearl,6,3,4,2,1,78.1,0,0.7
bdcad35f-c6a1-41db-904c-b16203fa5485,V26: A3,pistol,Haven,2,1,2,2,94,148.5,0,0.5
bdcad35f-c6a1-41db-904c-b16203fa5485,V26: A3,eco,Haven,3,3,0,1,52,231,0,0
bdcad35f-c6a1-41db-904c-b16203fa5485,V26: A3,semi,Haven,7,8,3,0.875,-31,131.2,0.667,0.3
bdcad35f-c6a1-41db-904c-b16203fa5485,V26: A3,full,Haven,3,2,0,1.5,90,302,0,0
c92211ea-18c5-40c6-8b11-2a5aed64f6a4,V26: A3,pistol,Pearl,3,1,1,3,142,249.5,1,0.5
c92211ea-18c5-40c6-8b11-2a5aed64f6a4,V26: A3,semi,Pearl,11,8,1,1.375,89,217.09,0.333,0.364
c92211ea-18c5-40c6-8b11-2a5aed64f6a4,V26: A3,eco,Pearl,4,4,0,1,-27,151.5,0.5,0
c92211ea-18c5-40c6-8b11-2a5aed64f6a4,V26: A3,full,Pearl,3,2,0,1.5,76,234,0,0.5
c9973593-8253-47a0-a6dd-f6cbaefc7f43,V26: A2,pistol,Breeze,4,1,1,4,99,180,0,1
c9973593-8253-47a0-a6dd-f6cbaefc7f43,V26: A2,semi,Breeze,7,3,4,2.333333333,113,208.33,0,0.667
c9973593-8253-47a0-a6dd-f6cbaefc7f43,V26: A2,eco,Breeze,3,1,0,3,88,135.8,0,0.8
c9973593-8253-47a0-a6dd-f6cbaefc7f43,V26: A2,full,Breeze,1,3,2,0.333333333,-119,95.67,0.5,1
cb0dd8b4-a83a-40b1-93c4-b4d2fb0f1805,V26: A1,pistol,Split,1,2,4,0.5,-32,89,0,1
cb0dd8b4-a83a-40b1-93c4-b4d2fb0f1805,V26: A1,semi,Split,7,3,6,2.333333333,82,175.5,0.5,0.875
cb0dd8b4-a83a-40b1-93c4-b4d2fb0f1805,V26: A1,eco,Split,3,4,0,0.75,-39,137.75,1,0.5
cb0dd8b4-a83a-40b1-93c4-b4d2fb0f1805,V26: A1,full,Split,2,2,2,1,3,140,0,0.667
cbf9255c-1ed7-404a-a8f8-781e329d2457,V26: A3,pistol,Breeze,5,0,1,,272,297.5,1,0.5
cbf9255c-1ed7-404a-a8f8-781e329d2457,V26: A3,semi,Breeze,4,4,1,1,7,105.62,0,0.75
cbf9255c-1ed7-404a-a8f8-781e329d2457,V26: A3,eco,Breeze,4,4,1,1,37,126.43,1,0.714
cbf9255c-1ed7-404a-a8f8-781e329d2457,V26: A3,full,Breeze,1,1,0,1,-48,78,0,0.5
cc636d05-6dfe-4519-aa83-42a8200e2bc8,V26: A3,pistol,Split,1,2,1,0.5,-30,105,0,0
cc636d05-6dfe-4519-aa83-42a8200e2bc8,V26: A3,eco,Split,3,5,2,0.6,-45,107.83,1,0.5
cc636d05-6dfe-4519-aa83-42a8200e2bc8,V26: A3,semi,Split,9,6,2,1.5,25,161.25,1,0.25
cc636d05-6dfe-4519-aa83-42a8200e2bc8,V26: A3,full,Split,3,3,3,1,-23,88,0,0.6
cdf1764a-ab0f-4cba-8852-1c2113962c14,V26: A3,pistol,Haven,2,1,1,2,-11,132,1,1
cdf1764a-ab0f-4cba-8852-1c2113962c14,V26: A3,semi,Haven,7,10,3,0.7,-21,148.33,0.6,0.417
cdf1764a-ab0f-4cba-8852-1c2113962c14,V26: A3,full,Haven,3,4,0,0.75,-31,129.4,0,0.2
cdf1764a-ab0f-4cba-8852-1c2113962c14,V26: A3,eco,Haven,1,3,2,0.333333333,-39,52.8,0,1
ce77a3ab-b7bb-459f-b868-0cf39d190628,V26: A2,pistol,Bind,0,2,2,0,8,136.5,0,0.5
ce77a3ab-b7bb-459f-b868-0cf39d190628,V26: A2,semi,Bind,6,5,4,1.2,46,225.83,1,1
ce77a3ab-b7bb-459f-b868-0cf39d190628,V26: A2,eco,Bind,6,3,1,2,82,190,0,0.6
ce77a3ab-b7bb-459f-b868-0cf39d190628,V26: A2,full,Bind,4,1,3,4,98,183.33,0,1
cfa79ca7-dbe3-4808-a092-e7435b07cf2b,V26: A1,pistol,Abyss,3,1,1,3,102,175,0,0.5
cfa79ca7-dbe3-4808-a092-e7435b07cf2b,V26: A1,semi,Abyss,5,2,0,2.5,156,236.25,0.5,0.75
cfa79ca7-dbe3-4808-a092-e7435b07cf2b,V26: A1,eco,Abyss,6,5,2,1.2,32,188.5,1,0.667
cfa79ca7-dbe3-4808-a092-e7435b07cf2b,V26: A1,full,Abyss,6,4,1,1.5,31,155.67,1,0.833
d227af40-1201-466d-a78c-919de89d56e2,V26: A3,pistol,Lotus,3,1,1,3,142,195,1,0.5
d227af40-1201-466d-a78c-919de89d56e2,V26: A3,eco,Lotus,5,5,2,1,28,149.5,1,0.667
d227af40-1201-466d-a78c-919de89d56e2,V26: A3,semi,Lotus,2,5,2,0.4,-29,90.17,0,0.5
d227af40-1201-466d-a78c-919de89d56e2,V26: A3,full,Lotus,4,3,0,1.333333333,9,129.6,1,1
d5d74d3f-0134-42b3-bedc-709f95769bf4,V26: A3,pistol,Pearl,1,1,2,1,-49,93.5,0,0.5
d5d74d3f-0134-42b3-bedc-709f95769bf4,V26: A3,semi,Pearl,5,4,6,1.25,-3,93.88,0,0.5
d5d74d3f-0134-42b3-bedc-709f95769bf4,V26: A3,eco,Pearl,9,6,5,1.5,85,175.9,1,0.5
d5d74d3f-0134-42b3-bedc-709f95769bf4,V26: A3,full,Pearl,3,4,2,0.75,-78,44.5,1,0.333
d7912805-6223-49c5-8872-e39e00780b5a,V26: A1,pistol,Pearl,1,1,1,1,58,111,0,0.5
d7912805-6223-49c5-8872-e39e00780b5a,V26: A1,eco,Pearl,4,5,1,0.8,-28,109.67,0,0.333
d7912805-6223-49c5-8872-e39e00780b5a,V26: A1,semi,Pearl,10,10,3,1,11,145.86,0,0.643
d7912805-6223-49c5-8872-e39e00780b5a,V26: A1,full,Pearl,0,2,0,0,-155,0,0,0.5
de480474-c66b-4f42-ad85-cd34b054be43,V26: A1,pistol,Pearl,3,0,0,,147,147,0,1
de480474-c66b-4f42-ad85-cd34b054be43,V26: A1,semi,Pearl,10,7,1,1.428571429,24,164.67,0.667,0.667
de480474-c66b-4f42-ad85-cd34b054be43,V26: A1,eco,Pearl,5,3,1,1.666666667,33,168.17,0,0.667
de480474-c66b-4f42-ad85-cd34b054be43,V26: A1,full,Pearl,4,1,0,4,143,300,1,0.5
de96e06e-24cb-48e2-aa7c-2a32e926d5bc,V26: A1,pistol,Abyss,3,2,0,1.5,28,168,0,0
de96e06e-24cb-48e2-aa7c-2a32e926d5bc,V26: A1,eco,Abyss,5,6,5,0.833333333,-55,104,0,0.286
de96e06e-24cb-48e2-aa7c-2a32e926d5bc,V26: A1,full,Abyss,2,6,7,0.333333333,-51,72.44,0.5,0.667
de96e06e-24cb-48e2-aa7c-2a32e926d5bc,V26: A1,semi,Abyss,7,5,5,1.4,46,192.5,0.5,0.5
e0c09d3d-87f5-4dd2-aa23-4ab87fc7862e,V26: A2,pistol,Pearl,2,2,0,1,-63,65,0,0.5
e0c09d3d-87f5-4dd2-aa23-4ab87fc7862e,V26: A2,semi,Pearl,10,8,3,1.25,6,163.3,1,0.4
e0c09d3d-87f5-4dd2-aa23-4ab87fc7862e,V26: A2,eco,Pearl,2,3,0,0.666666667,12,226.67,0,0
e0c09d3d-87f5-4dd2-aa23-4ab87fc7862e,V26: A2,full,Pearl,2,3,0,0.666666667,-61,121.67,0,0
e0f5a7e8-b324-47d0-8e03-d72536a85f5d,V26: A3,pistol,Lotus,3,1,1,3,101,182,0,0.5
e0f5a7e8-b324-47d0-8e03-d72536a85f5d,V26: A3,semi,Lotus,1,1,0,1,-3,87,1,1
e0f5a7e8-b324-47d0-8e03-d72536a85f5d,V26: A3,eco,Lotus,7,4,0,1.75,123,251.6,0,0.4
e0f5a7e8-b324-47d0-8e03-d72536a85f5d,V26: A3,full,Lotus,9,9,4,1,3,153.18,1,0.636
e239755f-f90e-4845-bbd4-325b36f723c6,V26: A2,pistol,Split,3,0,0,,196,195.5,0,1
e239755f-f90e-4845-bbd4-325b36f723c6,V26: A2,semi,Split,10,15,5,0.666666667,-40,138.53,0.25,0.471
e239755f-f90e-4845-bbd4-325b36f723c6,V26: A2,eco,Split,1,3,1,0.333333333,-56,92.33,0.5,0.333
e239755f-f90e-4845-bbd4-325b36f723c6,V26: A2,full,Split,4,5,0,0.8,-76,124.17,1,0.5
e3950d8a-79db-433f-8e59-b1284897ad0c,V26: A2,pistol,Fracture,0,2,3,0,-124,0,0,0
e3950d8a-79db-433f-8e59-b1284897ad0c,V26: A2,eco,Fracture,0,2,2,0,-89,65,0,0
e3950d8a-79db-433f-8e59-b1284897ad0c,V26: A2,full,Fracture,3,5,3,0.6,-62,117.4,0,0.6
e3950d8a-79db-433f-8e59-b1284897ad0c,V26: A2,semi,Fracture,4,10,3,0.4,-71,106.3,0,0.3
e4902ea2-ecfc-49e2-8733-1d144100b343,V26: A2,pistol,Breeze,0,2,1,0,-94,39,0,0
e4902ea2-ecfc-49e2-8733-1d144100b343,V26: A2,semi,Breeze,10,8,4,1.25,31,204.9,0.714,0.4
e4902ea2-ecfc-49e2-8733-1d144100b343,V26: A2,eco,Breeze,10,9,1,1.111111111,-5,178.56,0.714,0.444
e4902ea2-ecfc-49e2-8733-1d144100b343,V26: A2,full,Breeze,2,1,2,2,132,255,1,1
e989d386-0a60-4aeb-ba05-6094941d17b0,V26: A3,pistol,Pearl,0,2,0,0,-156,0,0,0
e989d386-0a60-4aeb-ba05-6094941d17b0,V26: A3,eco,Pearl,2,3,0,0.666666667,0,146,1,0
e989d386-0a60-4aeb-ba05-6094941d17b0,V26: A3,semi,Pearl,5,6,1,0.833333333,-6,124.88,0,0.375
e989d386-0a60-4aeb-ba05-6094941d17b0,V26: A3,full,Pearl,3,3,2,1,67,226.67,0,0
eb885d08-b0b7-4621-9a0c-c1a64f52a0f5,V26: A1,pistol,Split,2,2,0,1,10,141,1,0.5
eb885d08-b0b7-4621-9a0c-c1a64f52a0f5,V26: A1,eco,Split,7,3,3,2.333333333,111,209.5,0,0.667
eb885d08-b0b7-4621-9a0c-c1a64f52a0f5,V26: A1,semi,Split,11,9,5,1.222222222,66,219.82,0.5,0.273
eb885d08-b0b7-4621-9a0c-c1a64f52a0f5,V26: A1,full,Split,1,3,0,0.333333333,-104,61.67,0.5,0.333
ec5f30ab-67a6-4bb7-84fe-4bd6a0e594e1,V26: A2,pistol,Pearl,3,2,2,1.5,108,225,0,0.5
ec5f30ab-67a6-4bb7-84fe-4bd6a0e594e1,V26: A2,semi,Pearl,10,4,4,2.5,156,252.5,1,0.75
ec5f30ab-67a6-4bb7-84fe-4bd6a0e594e1,V26: A2,eco,Pearl,3,5,0,0.6,-63,95.33,0,0.667
ec5f30ab-67a6-4bb7-84fe-4bd6a0e594e1,V26: A2,full,Pearl,4,4,1,1,30,149.83,0,0.333
edf4c7d1-cac4-4e1a-a36b-324d94b29a03,V26: A3,pistol,Breeze,0,2,1,0,-70,65,0,0
edf4c7d1-cac4-4e1a-a36b-324d94b29a03,V26: A3,eco,Breeze,5,6,6,0.833333333,-35,72.6,0,0.5
edf4c7d1-cac4-4e1a-a36b-324d94b29a03,V26: A3,semi,Breeze,4,3,3,1.333333333,10,140.67,0,0.5
edf4c7d1-cac4-4e1a-a36b-324d94b29a03,V26: A3,full,Breeze,8,1,0,8,140,204.67,0,0.833
efca87ef-7677-4824-8f7e-5c70da6b9e67,V26: A1,pistol,Breeze,0,2,2,0,-86,40.5,0,0
efca87ef-7677-4824-8f7e-5c70da6b9e67,V26: A1,eco,Breeze,2,2,2,1,48,188.5,0,0.5
efca87ef-7677-4824-8f7e-5c70da6b9e67,V26: A1,full,Breeze,7,5,2,1.4,106,297,1,0.2
efca87ef-7677-4824-8f7e-5c70da6b9e67,V26: A1,semi,Breeze,10,8,0,1.25,59,239,0,0.25
f00a0dd5-1a79-416f-8dd0-e9bbc92bfa24,V26: A3,pistol,Haven,4,0,1,,238,247,0,1
f00a0dd5-1a79-416f-8dd0-e9bbc92bfa24,V26: A3,eco,Haven,3,3,1,1,-23,145.75,0,0.75
f00a0dd5-1a79-416f-8dd0-e9bbc92bfa24,V26: A3,full,Haven,10,3,0,3.333333333,174,252.43,0,0.857
f00a0dd5-1a79-416f-8dd0-e9bbc92bfa24,V26: A3,semi,Haven,5,2,1,2.5,300,448,0,1
f17653a5-6abb-4b02-bf40-a981114843f9,V26: A3,pistol,Fracture,1,1,1,1,-4,51.5,0.5,1
f17653a5-6abb-4b02-bf40-a981114843f9,V26: A3,semi,Fracture,6,7,2,0.857142857,-32,95.67,0.5,0.5
f17653a5-6abb-4b02-bf40-a981114843f9,V26: A3,eco,Fracture,5,4,0,1.25,112,238.6,0.5,0.2
f17653a5-6abb-4b02-bf40-a981114843f9,V26: A3,full,Fracture,8,4,2,2,238,354.4,1,0.4
f2171649-8862-41d0-a645-496cdfd981fa,V26: A3,pistol,Haven,0,1,0,0,-66,13,0,0.5
f2171649-8862-41d0-a645-496cdfd981fa,V26: A3,eco,Haven,4,5,0,0.8,-43,85.71,0.333,0.286
f2171649-8862-41d0-a645-496cdfd981fa,V26: A3,semi,Haven,7,9,1,0.777777778,-22,148.8,0.4,0.6
f2171649-8862-41d0-a645-496cdfd981fa,V26: A3,full,Haven,4,3,1,1.333333333,29,144,0.5,0.4
f3aaf9a0-16c2-4344-a50a-20342c1c1e91,V26: A2,pistol,Breeze,1,2,1,0.5,-39,111,0,0.5
f3aaf9a0-16c2-4344-a50a-20342c1c1e91,V26: A2,eco,Breeze,4,7,1,0.571428571,-87,93.75,0.333,0.5
f3aaf9a0-16c2-4344-a50a-20342c1c1e91,V26: A2,semi,Breeze,9,2,2,4.5,193,264.17,0,0.667
f3aaf9a0-16c2-4344-a50a-20342c1c1e91,V26: A2,full,Breeze,5,3,2,1.666666667,97,250.6,1,0.8
fdd27450-3ebc-4b89-9e17-f168d454aa01,V26: A3,pistol,Ascent,0,2,2,0,-24,89,0,0.5
fdd27450-3ebc-4b89-9e17-f168d454aa01,V26: A3,semi,Ascent,8,12,2,0.666666667,-62,113,0,0.333
fdd27450-3ebc-4b89-9e17-f168d454aa01,V26: A3,eco,Ascent,1,5,1,0.2,-168,43,0,0.4
fdd27450-3ebc-4b89-9e17-f168d454aa01,V26: A3,full,Ascent,5,2,0,2.5,116,241.5,1,0.75
